acc_x (m/s^2), acc_y (m/s^2), angular_z (rad/s), stamp, 
-0.03342771530151367, -0.0027466416358947754, 1.4804016029063857e-10, 1759502837461997433, 
0.008050203323364258, -0.002851247787475586, 1.950344617366854e-10, 1759502837490018789, 
-0.002629697322845459, 0.0024309158325195312, 2.214698840696378e-10, 1759502837519532829, 
-0.01508951187133789, -0.010061800479888916, 1.4070486448536317e-10, 1759502837542232647, 
-0.015008151531219482, -0.029893696308135986, 3.370696289520908e-10, 1759502837579524068, 
0.0028684139251708984, 0.011285603046417236, 1.9850238974725256e-06, 1759502837609554618, 
-0.011429190635681152, -0.036875009536743164, 1.8563613721739977e-10, 1759502837638616880, 
-0.03288531303405762, 0.020640015602111816, 9.273942224318912e-11, 1759502837670389411, 
0.014040827751159668, 0.0008854866027832031, 9.778287868579221e-11, 1759502837702250150, 
0.030222296714782715, 0.011575043201446533, 1.3034543708530377e-10, 1759502837728956682, 
0.012091755867004395, -0.01012718677520752, 1.2401751104989972e-10, 1759502837760146687, 
-0.02219444513320923, -0.04034990072250366, 8.33279554180089e-11, 1759502837790033528, 
-0.02400273084640503, 0.0010893940925598145, 1.242532784167955e-11, 1759502837820125038, 
0.010177373886108398, -0.009437501430511475, -5.2692535426165175e-11, 1759502837848952101, 
0.029717624187469482, 0.006743669509887695, -6.715033997772874e-11, 1759502837880149046, 
0.011494994163513184, -0.00013369321823120117, -6.90849215654847e-11, 1759502837911756630, 
-0.02994781732559204, 0.014475762844085693, -7.210598040791046e-11, 1759502837942998655, 
0.0437009334564209, -0.006986498832702637, -1.2339966762034542e-10, 1759502837980101668, 
0.03266829252243042, -0.010446131229400635, -3.956105833275048e-11, 1759502838010206430, 
0.010772764682769775, -0.022832214832305908, 1.0772457571698494e-11, 1759502838040188145, 
-0.03420525789260864, 0.0045732855796813965, 6.324987938051178e-11, 1759502838071810171, 
-0.025005578994750977, 0.006787538528442383, 1.937116011102157e-11, 1759502838103604351, 
0.007424652576446533, -0.02358710765838623, -6.882614533658406e-11, 1759502838130411646, 
0.01998215913772583, 0.02147775888442993, -1.9922595283818705e-06, 1759502838160330668, 
-0.017990410327911377, -0.01809591054916382, -1.9829459906203274e-06, 1759502838190388634, 
-0.025048792362213135, 0.003402888774871826, -1.972030802262391e-06, 1759502838220612960, 
0.021897196769714355, 0.0051888227462768555, -6.026154065362034e-11, 1759502838250475957, 
0.02377033233642578, -0.007649838924407959, -8.968265931637268e-11, 1759502838280542869, 
-0.028146207332611084, -0.0184057354927063, -1.164843857599742e-10, 1759502838311367784, 
-0.01893371343612671, -0.011251270771026611, -1.8503791327585904e-10, 1759502838342308345, 
-0.007867038249969482, 0.019195616245269775, -2.3606686738811157e-10, 1759502838370639896, 
-0.0006076693534851074, 0.009721100330352783, -2.0451117241506434e-06, 1759502838399787713, 
-0.02238774299621582, -0.003316044807434082, -5.319748013063021e-11, 1759502838429950191, 
-0.024526596069335938, -0.026904284954071045, 1.2169108806231545e-11, 1759502838460729782, 
-0.0049242377281188965, 0.01409757137298584, 1.672427646958769e-11, 1759502838490768363, 
0.022137880325317383, -0.0002390742301940918, 2.4659020616205007e-11, 1759502838520849672, 
0.03824973106384277, 0.013721764087677002, 3.556166384724831e-11, 1759502838551360901, 
0.022164642810821533, 0.022832632064819336, 4.256929057095863e-11, 1759502838584023931, 
-0.017061889171600342, 0.03551071882247925, 5.839240802344373e-11, 1759502838611042884, 
-0.01848822832107544, 0.01551663875579834, 1.182338952020881e-10, 1759502838641181578, 
0.019584953784942627, 0.015275418758392334, 2.2426320077800418e-10, 1759502838671147369, 
-0.005315840244293213, -0.0009585022926330566, 2.0159053083783233e-10, 1759502838691295371, 
-0.03362572193145752, -0.008179783821105957, 1.4885521193969202e-06, 1759502838731351604, 
-0.02060037851333618, 0.018753349781036377, 4.825365396670781e-10, 1759502838761438568, 
-0.040043771266937256, 0.014906764030456543, 6.221665398396309e-10, 1759502838791391674, 
-0.0345115065574646, -0.015770256519317627, 6.809913449149534e-10, 1759502838823433644, 
-0.003842651844024658, -0.012296974658966064, 8.394514844300407e-10, 1759502838851428694, 
0.01432490348815918, 0.003899097442626953, 8.002613730635606e-10, 1759502838881353778, 
0.050294458866119385, -0.006909370422363281, 1.983368898048318e-06, 1759502838911417587, 
0.055406033992767334, 0.007326722145080566, 1.9677934129457303e-06, 1759502838941718505, 
0.03339815139770508, -0.02126234769821167, 5.386435161841275e-10, 1759502838971577502, 
-0.011719882488250732, 0.012890994548797607, 3.801648794155288e-10, 1759502839001553206, 
-0.006461143493652344, -0.007042944431304932, 3.2664348449473237e-10, 1759502839032244778, 
-0.02819383144378662, 0.009172379970550537, 1.910214814342011e-06, 1759502839063452639, 
-0.017750680446624756, -0.010702848434448242, 1.9707333273587683e-06, 1759502839093700527, 
-0.0071579813957214355, -0.03571629524230957, 2.1144015690391364e-06, 1759502839121892099, 
-0.005386710166931152, 0.02718585729598999, 5.58490244344266e-11, 1759502839142951410, 
0.023505449295043945, 0.018329322338104248, 9.68918215665898e-11, 1759502839174132946, 
0.03600221872329712, -0.0015864372253417969, 1.4086053193443745e-10, 1759502839211003196, 
-0.0017412304878234863, -0.03201955556869507, 7.081110167068544e-11, 1759502839240931463, 
-0.008831501007080078, -0.015686511993408203, 5.892540727771003e-11, 1759502839270936312, 
0.013030469417572021, 0.01855182647705078, 6.600016747578267e-11, 1759502839303461355, 
-0.017434418201446533, -0.019189774990081787, 7.902799463493695e-11, 1759502839334550200, 
-0.026459991931915283, -0.010322809219360352, 8.525769859335114e-11, 1759502839362229858, 
-0.022633850574493408, -0.0064193010330200195, 6.703783839405133e-11, 1759502839392183594, 
0.0013987421989440918, 0.01542896032333374, 0.0003909789535649051, 1759502839414898656, 
0.06550687551498413, 0.013531327247619629, 3.345624259292017e-05, 1759502839452304885, 
0.8235980272293091, 0.5242325663566589, 0.07944506003136473, 1759502839482197993, 
1.986261248588562, -0.08634257316589355, 0.1977842090933656, 1759502839512329835, 
0.28528159856796265, -0.8167381882667542, 0.18594207426322668, 1759502839543404185, 
0.08744817972183228, 0.10122531652450562, 0.19470328181654675, 1759502839575153704, 
-0.417599618434906, 0.6764596104621887, 0.1500250114711376, 1759502839602321758, 
-0.23276090621948242, -0.2779552936553955, 0.12098100203352999, 1759502839632472455, 
-0.9209913611412048, -0.23109203577041626, 0.14286752100988437, 1759502839655765123, 
0.22060108184814453, 0.14383530616760254, 0.24960233934615877, 1759502839683076256, 
-0.3416261076927185, 0.49170535802841187, 0.2396035819544617, 1759502839713354519, 
0.3638320565223694, -0.1197272539138794, 0.2391013559029256, 1759502839743049567, 
-0.06775736808776855, -0.44576817750930786, 0.23829516920965854, 1759502839773086433, 
0.34371352195739746, -0.18981778621673584, 0.23039443455886882, 1759502839803025062, 
-0.053402483463287354, 0.4781051278114319, 0.20901083300121318, 1759502839833079661, 
0.3405919075012207, 0.13390648365020752, 0.18443010032774723, 1759502839863639836, 
-0.1474395990371704, -0.4097241163253784, 0.15802955519847775, 1759502839896175484, 
-0.14561104774475098, 0.002947986125946045, 0.1790548086235349, 1759502839923091622, 
-0.2538260221481323, 0.3117362856864929, 0.19640228457354159, 1759502839953187575, 
-0.058644115924835205, 0.11680907011032104, 0.22245025598798748, 1759502839983218197, 
0.08447092771530151, -0.12365931272506714, 0.2561884943254839, 1759502840011955631, 
0.33542144298553467, -0.18269681930541992, 0.22996489166435558, 1759502840043059736, 
0.03755819797515869, 0.11310577392578125, 0.19520552533167532, 1759502840073002925, 
-0.015457689762115479, 0.10094821453094482, 0.18768120207873581, 1759502840103762487, 
0.0027057528495788574, 0.032891035079956055, 0.18466463497887528, 1759502840135712974, 
0.29918140172958374, -0.21013367176055908, 0.2121007962767206, 1759502840163383634, 
0.20563554763793945, -0.1931399703025818, 0.18235553657717868, 1759502840183689795, 
-0.42105764150619507, -0.00466310977935791, 0.1622381523762623, 1759502840215995165, 
0.14879536628723145, 0.20602506399154663, 0.20900820704914794, 1759502840243304100, 
-0.2804109454154968, 0.16037732362747192, 0.22234036798505283, 1759502840273306037, 
0.28094249963760376, -0.2536991834640503, 0.22794085271431527, 1759502840303274479, 
-0.21430057287216187, -0.008102178573608398, 0.2041935380830132, 1759502840333323595, 
0.35789650678634644, 0.024752438068389893, 0.20798095502265762, 1759502840363518004, 
-0.0100172758102417, 0.13361340761184692, 0.20951627136614048, 1759502840393788740, 
-0.03196549415588379, -0.09221601486206055, 0.20414834983961005, 1759502840423909242, 
-0.06847429275512695, -0.09878987073898315, 0.16753656021892535, 1759502840454947452, 
0.01399451494216919, 0.23250311613082886, 0.1681766191020728, 1759502840483599997, 
0.015370965003967285, 0.22057253122329712, 0.19158550567244936, 1759502840513710123, 
-0.13689517974853516, -0.20231813192367554, 0.21051579162322467, 1759502840543811553, 
-0.0011767745018005371, -0.20398348569869995, 0.21103279664056934, 1759502840573670386, 
0.05745655298233032, 0.16723018884658813, 0.20763635109312326, 1759502840603826687, 
0.22243475914001465, 0.06003230810165405, 0.22675476791924162, 1759502840633744887, 
-0.06232339143753052, -0.04315531253814697, 0.22076976595642187, 1759502840662788898, 
0.04595750570297241, -0.18373751640319824, 0.18427991403832897, 1759502840695752944, 
-0.13876056671142578, -0.03877735137939453, 0.17710171504788685, 1759502840726682890, 
-0.0035149455070495605, 0.08121657371520996, 0.19815047775592565, 1759502840754256526, 
-0.06121343374252319, 0.1523696780204773, 0.19699302779822198, 1759502840784054750, 
0.1597754955291748, -0.14208179712295532, 0.205842586868, 1759502840814271114, 
-0.16473394632339478, -0.15351903438568115, 0.21587880263559733, 1759502840844258985, 
-0.03303331136703491, 0.08953326940536499, 0.20924423479701584, 1759502840874191794, 
0.1249951720237732, 0.13889974355697632, 0.21127579392477572, 1759502840904219714, 
-0.18408262729644775, 0.046868085861206055, 0.1950655557245047, 1759502840936539812, 
0.20736908912658691, -0.2435765266418457, 0.1923252815829386, 1759502840967517783, 
-0.05452573299407959, -0.14548254013061523, 0.21885285976435734, 1759502840994389833, 
0.03910362720489502, 0.2615787386894226, 0.1987160251776007, 1759502841024397715, 
-0.07965326309204102, 0.18430602550506592, 0.19155464497054345, 1759502841054644885, 
0.09052199125289917, -0.23150157928466797, 0.1778084675723576, 1759502841084471579, 
-0.24681049585342407, -0.1642652153968811, 0.1891268040642495, 1759502841104490714, 
0.3614978790283203, 0.11419534683227539, 0.20969854588004813, 1759502841144536268, 
-0.0244828462600708, 0.13268673419952393, 0.2084941602360325, 1759502841175806909, 
-0.05984759330749512, -0.0736045241355896, 0.1898516766822217, 1759502841207686432, 
0.029637634754180908, -0.1553640365600586, 0.2149369925186212, 1759502841234892743, 
0.09291201829910278, -0.09420269727706909, 0.1977101926230654, 1759502841264884412, 
-0.1266869306564331, 0.1292201280593872, 0.20170048569249707, 1759502841294785287, 
0.06509929895401001, 0.05684840679168701, 0.18500184951140736, 1759502841325085189, 
-0.02078986167907715, -0.14265143871307373, 0.1746963328792627, 1759502841355085686, 
0.2557414174079895, 0.03258770704269409, 0.2041517653834304, 1759502841384824518, 
-0.4603561758995056, 0.3036908507347107, 0.2274389007967774, 1759502841414939178, 
0.25207626819610596, 0.12000709772109985, 0.2057960722579731, 1759502841454183403, 
-0.33134204149246216, -0.24533718824386597, 0.17641826104066854, 1759502841485072257, 
0.22240698337554932, -0.13971394300460815, 0.19111070341775785, 1759502841515272801, 
-0.19225764274597168, 0.19727855920791626, 0.21760648326579635, 1759502841545180671, 
0.20380336046218872, 0.1271374225616455, 0.20110640317567366, 1759502841576219592, 
-0.1009523868560791, -0.2034088373184204, 0.19535465288601184, 1759502841608113689, 
0.0416562557220459, -0.19563686847686768, 0.22218939627842724, 1759502841635360630, 
-0.14622211456298828, 0.1305961012840271, 0.21936371811774788, 1759502841665255631, 
0.0010149478912353516, 0.20363301038742065, 0.21709517426013172, 1759502841695315930, 
0.06667232513427734, -0.025612056255340576, 0.20392654679371858, 1759502841725473326, 
-0.019156336784362793, -0.2653160095214844, 0.20194710252759582, 1759502841755423109, 
-0.08673912286758423, -0.15946996212005615, 0.20502377873381136, 1759502841785739335, 
0.09664684534072876, 0.1887032389640808, 0.21130924584631963, 1759502841815806302, 
0.0652698278427124, 0.2671613097190857, 0.19887584960892704, 1759502841847623915, 
-0.09371626377105713, -0.26185131072998047, 0.20054535621650035, 1759502841876950846, 
0.09047126770019531, -0.13731157779693604, 0.20443302070104158, 1759502841915632566, 
-0.1845800280570984, 0.3551194667816162, 0.21515279280770752, 1759502841945855524, 
-0.003382563591003418, 0.20485788583755493, 0.18642596667860792, 1759502841975915371, 
-0.12694084644317627, -0.2880953550338745, 0.17470692246919123, 1759502842007852022, 
0.10675305128097534, -0.18203270435333252, 0.21183788296852318, 1759502842038442034, 
-0.25604164600372314, 0.29827404022216797, 0.24719784379645374, 1759502842076046406, 
0.11140424013137817, 0.09109443426132202, 0.2135639034241511, 1759502842104945928, 
-0.17753881216049194, -0.2312336564064026, 0.17647702243559976, 1759502842135849704, 
0.2347813844680786, -0.19707810878753662, 0.18000165879985985, 1759502842168170299, 
-0.11375260353088379, 0.13907146453857422, 0.19600568193342635, 1759502842198826138, 
0.3139820098876953, 0.1414029598236084, 0.2097691215050329, 1759502842226228183, 
-0.013049662113189697, -0.0966411828994751, 0.17055484347015823, 1759502842256046240, 
0.03742694854736328, -0.18400734663009644, 0.18493150739584455, 1759502842286086149, 
-0.2021716833114624, 0.05742079019546509, 0.2069961690058349, 1759502842316131502, 
0.1665050983428955, 0.16779637336730957, 0.2058432791743581, 1759502842346403080, 
-0.1103125810623169, 0.025213122367858887, 0.20208577658434618, 1759502842376252090, 
0.11784851551055908, -0.22988182306289673, 0.18664702095034857, 1759502842408139829, 
-0.12022143602371216, -0.012079894542694092, 0.19501832507419067, 1759502842439569275, 
0.09409433603286743, 0.12701654434204102, 0.23421069509335807, 1759502842466450258, 
0.1011238694190979, 0.0021021366119384766, 0.20408150713787612, 1759502842496422382, 
-0.13462096452713013, -0.03878366947174072, 0.1886294802157455, 1759502842526539197, 
-0.05243217945098877, -0.06330007314682007, 0.19267636954432696, 1759502842556465251, 
0.5033520460128784, -0.028295814990997314, 0.1940484418726384, 1759502842586602302, 
-0.24910587072372437, 0.10903525352478027, 0.19112133283619523, 1759502842616567526, 
-0.08761090040206909, -0.04558032751083374, 0.18255138036240198, 1759502842646927642, 
-0.1363566517829895, -0.046849966049194336, 0.1759249151947827, 1759502842679571852, 
-0.270596981048584, 0.014080822467803955, 0.2177597114988436, 1759502842707048757, 
0.27747589349746704, 0.02283555269241333, 0.21866663855446783, 1759502842736842866, 
0.26037079095840454, 0.18737298250198364, 0.2146621180250763, 1759502842767109974, 
-0.03149592876434326, -0.14990293979644775, 0.2030932066596787, 1759502842797028550, 
0.011886954307556152, -0.2388373613357544, 0.19284334105982184, 1759502842826898294, 
-0.11937379837036133, 0.22510886192321777, 0.2034895563969184, 1759502842856064219, 
-0.08464592695236206, 0.13718324899673462, 0.19801601690382745, 1759502842887663886, 
-0.022263944149017334, -0.058548927307128906, 0.1953326201428503, 1759502842920329636, 
-0.14735627174377441, -0.07823717594146729, 0.2334852376014641, 1759502842947129950, 
0.10883748531341553, -0.023834168910980225, 0.198827511649641, 1759502842977093918, 
0.11470156908035278, -0.027431964874267578, 0.2087287584125699, 1759502843007121225, 
-0.07247048616409302, 0.1581277847290039, 0.21071023856232782, 1759502843037259421, 
0.19999903440475464, -0.08119690418243408, 0.20248257509658413, 1759502843067254512, 
0.016570687294006348, -0.17467904090881348, 0.17820406461822624, 1759502843097417094, 
0.139052152633667, 0.1382359266281128, 0.18306695999157593, 1759502843127701145, 
-0.2755521535873413, 0.19940024614334106, 0.19006712941989595, 1759502843159567558, 
0.19309324026107788, -0.14883780479431152, 0.2184986869712241, 1759502843187497020, 
-0.11675691604614258, -0.05988413095474243, 0.188700414754446, 1759502843217384031, 
0.2580505609512329, -0.03482741117477417, 0.19553126715854116, 1759502843248239401, 
-0.1504511833190918, 0.1135094165802002, 0.22792200120499723, 1759502843278524009, 
0.018664121627807617, 0.022271573543548584, 0.22746536905703166, 1759502843308177347, 
-0.13520395755767822, -0.12386977672576904, 0.19822244339103914, 1759502843338222088, 
0.23233622312545776, -0.08467590808868408, 0.18111355193504663, 1759502843368386778, 
-0.06763243675231934, 0.23092442750930786, 0.18508748172020648, 1759502843399872189, 
0.15511202812194824, 0.007524549961090088, 0.20597718061891157, 1759502843430220407, 
-0.034953773021698, -0.14091050624847412, 0.21325315302812528, 1759502843458362358, 
-0.12118840217590332, -0.0721280574798584, 0.19554102097523493, 1759502843488346528, 
0.21859735250473022, 0.0931159257888794, 0.2010200981554279, 1759502843518282641, 
-0.0657799243927002, 0.0947907567024231, 0.21399468281155948, 1759502843548282603, 
-0.06425899267196655, 0.00290679931640625, 0.21567924254106097, 1759502843578309886, 
0.0074353814125061035, -0.1980695128440857, 0.20336242364248497, 1759502843608343440, 
0.19309812784194946, -0.015845417976379395, 0.18134731744800098, 1759502843639749039, 
-0.1556689739227295, 0.21105527877807617, 0.1974631206115665, 1759502843670508075, 
-0.18043524026870728, 0.01690351963043213, 0.20449631996551743, 1759502843708525021, 
-0.22414958477020264, -0.22527259588241577, 0.18781783592665777, 1759502843738399788, 
-0.10026323795318604, 0.07094156742095947, 0.2108964182576964, 1759502843768462762, 
0.501099705696106, 0.07876759767532349, 0.21068378305648636, 1759502843799729117, 
-0.0850033164024353, 0.06215167045593262, 0.1957649779032588, 1759502843831897078, 
-0.20633691549301147, -0.2165592908859253, 0.2193631560506889, 1759502843868523278, 
-0.08301174640655518, -0.018628716468811035, 0.19497870550219762, 1759502843898687776, 
0.09884834289550781, 0.11078965663909912, 0.20094979071754984, 1759502843928620860, 
-0.10800248384475708, 0.12291043996810913, 0.18003481313301398, 1759502843958959435, 
-0.1406344175338745, -0.23416638374328613, 0.16815545777165417, 1759502843991801173, 
-0.2709731459617615, 0.030088722705841064, 0.22443842316128604, 1759502844028613222, 
0.11606788635253906, 0.1624314785003662, 0.22133490603515105, 1759502844058625141, 
0.04242652654647827, 0.20187163352966309, 0.18772730509520036, 1759502844088866715, 
-0.09370207786560059, -0.25972265005111694, 0.1908112818083857, 1759502844119718485, 
0.1218680739402771, -0.2606775164604187, 0.1914112246834406, 1759502844151876929, 
0.17028313875198364, 0.06749290227890015, 0.21918942442343517, 1759502844188830711, 
7.814168930053711e-05, 0.17623066902160645, 0.18597625990871705, 1759502844218780167, 
-0.040821373462677, -0.1259002685546875, 0.17753518122622436, 1759502844249024781, 
0.04022061824798584, -0.13793295621871948, 0.1913333141279832, 1759502844278953978, 
-0.21234136819839478, 0.1422855257987976, 0.19510131130022296, 1759502844311785747, 
0.21320664882659912, 0.04008972644805908, 0.24573717321372354, 1759502844338280015, 
-0.08629894256591797, 0.09148633480072021, 0.1867178957342671, 1759502844368994419, 
0.011261701583862305, -0.22533148527145386, 0.20226142591411406, 1759502844399083024, 
0.2069404125213623, -0.12110620737075806, 0.2090872827042254, 1759502844429289926, 
0.13433074951171875, 0.1448071002960205, 0.20938453672907242, 1759502844459202996, 
-0.07476544380187988, 0.2046695351600647, 0.18646912139610317, 1759502844489395373, 
-0.029712796211242676, -0.23857247829437256, 0.16457799015064106, 1759502844520302076, 
-0.05275231599807739, -0.13893890380859375, 0.1754558050520304, 1759502844551661382, 
-0.33636170625686646, 0.18080413341522217, 0.2416121420397426, 1759502844579440550, 
0.301750123500824, 0.1734979748725891, 0.2212132202379386, 1759502844609353237, 
0.03463238477706909, 0.022323668003082275, 0.1944309167102847, 1759502844639431526, 
-0.04937714338302612, -0.31462788581848145, 0.20865956418413756, 1759502844669577259, 
0.11661064624786377, -0.03486579656600952, 0.22679995460155367, 1759502844699505396, 
0.08856791257858276, 0.24065279960632324, 0.2092747574088434, 1759502844729566047, 
-0.136119544506073, 0.0767163634300232, 0.19002082642822793, 1759502844759664189, 
0.24721163511276245, -0.2575192451477051, 0.17501066017417674, 1759502844791654291, 
-0.026543140411376953, -0.07628172636032104, 0.1911824314986986, 1759502844821863287, 
0.06846660375595093, 0.13481062650680542, 0.21978232798625846, 1759502844849775148, 
-0.009394526481628418, 0.10172903537750244, 0.2010717901674467, 1759502844879898568, 
-0.0053446292877197266, -0.2562817931175232, 0.19865872338344837, 1759502844909762336, 
-0.1691138744354248, -0.09484553337097168, 0.2105855873629559, 1759502844939771393, 
0.20052063465118408, 0.19976264238357544, 0.20556190742620212, 1759502844969890931, 
0.1151781678199768, 0.19951558113098145, 0.19580032862514524, 1759502844999895994, 
0.15283089876174927, -0.1319493055343628, 0.18095853457000993, 1759502845032100953, 
-0.2823539972305298, -0.22837704420089722, 0.18330499525800115, 1759502845061571586, 
0.19046998023986816, 0.006854414939880371, 0.1878935879149702, 1759502845089257668, 
-0.09609270095825195, 0.24882125854492188, 0.18722992973220196, 1759502845120037050, 
0.02540266513824463, -0.024401485919952393, 0.18002239269636774, 1759502845150141321, 
-0.13034206628799438, -0.11764627695083618, 0.18890139669160538, 1759502845180160638, 
-0.0074836015701293945, -0.01784372329711914, 0.19584152278146988, 1759502845210194050, 
0.16066932678222656, 0.07012486457824707, 0.20759020128749925, 1759502845240239580, 
-0.00940084457397461, 0.13856422901153564, 0.19028517389107463, 1759502845271680695, 
0.06404650211334229, -0.06093871593475342, 0.1939046142005207, 1759502845303672831, 
-0.10259312391281128, -0.2277987003326416, 0.22374948693956181, 1759502845330411255, 
0.04414713382720947, 0.003019094467163086, 0.19068734719322197, 1759502845360386176, 
0.07791393995285034, 0.2726951241493225, 0.1935527415576436, 1759502845390438221, 
0.09373801946640015, 0.013274073600769043, 0.19003577630364496, 1759502845420484245, 
-0.23413527011871338, -0.1775810718536377, 0.18609051493589096, 1759502845450556332, 
-0.08509588241577148, -0.007895350456237793, 0.19434212255036884, 1759502845480575465, 
0.23402166366577148, 0.08536165952682495, 0.2202308553434641, 1759502845511672608, 
-0.2408391237258911, 0.14415359497070312, 0.21052046118763232, 1759502845544115430, 
-0.03370887041091919, -0.1290317177772522, 0.23959027984123712, 1759502845570811520, 
0.09011203050613403, -0.15882480144500732, 0.1988061682560655, 1759502845600742294, 
0.03733956813812256, -0.08922713994979858, 0.18534232031542758, 1759502845630798982, 
0.083102285861969, 0.10662192106246948, 0.20284461647979155, 1759502845660853038, 
0.13670378923416138, 0.10151255130767822, 0.20593726178892519, 1759502845690904742, 
-0.2352985143661499, -0.1357899308204651, 0.19201033128092823, 1759502845720972154, 
-0.0011751651763916016, 0.1141095757484436, 0.18086432155073318, 1759502845752074472, 
0.03176414966583252, 0.18418234586715698, 0.2051940671560855, 1759502845783683993, 
0.06828910112380981, 0.046858012676239014, 0.2432071284245409, 1759502845810161026, 
-0.19093644618988037, -0.17675280570983887, 0.2088086640833775, 1759502845840039556, 
0.2557550072669983, -0.13006794452667236, 0.1851776078149266, 1759502845871099462, 
0.13358545303344727, 0.0015211701393127441, 0.18739265883678766, 1759502845891365527, 
0.25729846954345703, 0.10794472694396973, 0.20285310013817573, 1759502845931186247, 
-0.07375317811965942, -0.06777358055114746, 0.20206536583595772, 1759502845961403479, 
-0.03788059949874878, -0.23765408992767334, 0.17566283439186828, 1759502845992164571, 
-0.15913379192352295, 0.08674198389053345, 0.17981900860342798, 1759502846023835475, 
0.11153823137283325, 0.25104033946990967, 0.23123309195452033, 1759502846051589447, 
-0.09453660249710083, 0.059903860092163086, 0.2121540608587187, 1759502846081588733, 
0.09315627813339233, -0.2811473608016968, 0.2152207491551783, 1759502846111483785, 
-0.02501767873764038, -0.05212050676345825, 0.2053579720338758, 1759502846141510500, 
-0.08062094449996948, 0.05343770980834961, 0.20389787784272184, 1759502846171562715, 
-0.11569678783416748, 0.06817024946212769, 0.20455877302225456, 1759502846201609988, 
0.3636993169784546, -0.16937434673309326, 0.20347363643227379, 1759502846232006050, 
-0.16606378555297852, -0.11015993356704712, 0.18274068034511073, 1759502846263757289, 
-0.15466010570526123, 0.05929821729660034, 0.1908668253832233, 1759502846291786366, 
-0.07815313339233398, 0.18240070343017578, 0.18050185854272852, 1759502846321760806, 
-0.17705655097961426, 0.0067972540855407715, 0.18778547582524785, 1759502846351873731, 
0.09191715717315674, -0.125829815864563, 0.20082434322580878, 1759502846381831674, 
-0.0859060287475586, 0.05003291368484497, 0.22440275644719337, 1759502846411887037, 
0.2816108465194702, 0.05253589153289795, 0.23319925326972152, 1759502846442316564, 
-0.019104063510894775, 0.04751855134963989, 0.21257878033802247, 1759502846471981161, 
-0.09363317489624023, -0.2067798376083374, 0.1822658717763352, 1759502846504363102, 
0.012209415435791016, -0.08869904279708862, 0.19379308583022165, 1759502846534821325, 
0.10819762945175171, 0.13563495874404907, 0.22625337189834108, 1759502846561124189, 
-0.017079591751098633, 0.1330111026763916, 0.19100204332508786, 1759502846592365446, 
0.06139564514160156, 0.018774569034576416, 0.18108108343573312, 1759502846613987975, 
0.020304322242736816, -0.19376343488693237, 0.21149620403751734, 1759502846652387684, 
-0.04383730888366699, 0.14574182033538818, 0.21007831461451523, 1759502846682550165, 
0.03982597589492798, 0.19485366344451904, 0.20664121272579924, 1759502846712338875, 
-0.09608966112136841, -0.061889588832855225, 0.18588902198912907, 1759502846743879681, 
-0.018330276012420654, -0.22541123628616333, 0.19484694960808352, 1759502846775134627, 
-0.12716740369796753, -0.08214819431304932, 0.20941212316456337, 1759502846802620808, 
-0.12247425317764282, 0.05800896883010864, 0.18673994097524763, 1759502846832456562, 
-0.4071764349937439, 0.1825515627861023, 0.15054201877188986, 1759502846862466022, 
-1.4232062101364136, -0.6319562792778015, 0.14624720000107358, 1759502846892604621, 
-0.7525361180305481, 0.1781860589981079, 0.008562611356933742, 1759502846922655542, 
0.17529767751693726, 0.021695494651794434, 0.013842405399192403, 1759502846953391489, 
0.37860167026519775, -0.015061438083648682, 0.03933668846529977, 1759502846984113140, 
0.1605689525604248, -0.00436091423034668, -0.003252130670103632, 1759502847015969354, 
0.009927749633789062, -0.1323244571685791, -0.018421478786604467, 1759502847042727963, 
0.669289767742157, 0.1700851321220398, 0.01096964405242351, 1759502847071940131, 
1.2729779481887817, 0.3324440121650696, 0.12363252917819813, 1759502847096437892, 
0.4794641137123108, 0.36283642053604126, 0.22952943165505257, 1759502847122894881, 
0.862494707107544, -0.6330159902572632, 0.26106822948249536, 1759502847152896421, 
-0.2591758966445923, 0.1927797794342041, 0.2373604522229328, 1759502847181938928, 
-0.0700560212135315, -0.0024659037590026855, 0.21923509500167337, 1759502847212961062, 
-0.031731247901916504, -0.13565796613693237, 0.21884641410214498, 1759502847243239704, 
-0.4363994598388672, -0.07377135753631592, 0.22774734048691656, 1759502847273116282, 
-0.13330411911010742, 0.2923738360404968, 0.18944368832393407, 1759502847303260779, 
-0.2054373025894165, -0.23784929513931274, 0.12322473124918971, 1759502847335470666, 
0.4565665125846863, -0.1743195652961731, 0.13450981031650464, 1759502847363230377, 
0.2516075372695923, 0.04979664087295532, 0.20163617367353806, 1759502847393279841, 
-0.08893442153930664, 0.35282665491104126, 0.22487255001266793, 1759502847423306946, 
0.2040160894393921, 0.024521231651306152, 0.20100588766605726, 1759502847453368528, 
-0.07449966669082642, -0.3213512897491455, 0.18849545232534623, 1759502847483428465, 
-0.08536422252655029, -0.0049929022789001465, 0.20773117284869652, 1759502847513579324, 
-0.02087414264678955, 0.09747636318206787, 0.2212915175203899, 1759502847544106984, 
0.09641164541244507, 0.09260410070419312, 0.18795159758662022, 1759502847576079648, 
-0.09910076856613159, -0.11261671781539917, 0.2008334705209447, 1759502847603661078, 
0.6147068738937378, -0.299871563911438, 0.21109380435815142, 1759502847633851489, 
-0.2388540506362915, 0.15656596422195435, 0.20717621743488512, 1759502847663637570, 
-0.15705442428588867, 0.20575273036956787, 0.2341077555933748, 1759502847693628706, 
0.18422996997833252, 0.053188979625701904, 0.2043833754103494, 1759502847723694702, 
-0.21170735359191895, -0.2816469073295593, 0.1787657219247087, 1759502847753700610, 
0.029786527156829834, -0.12129968404769897, 0.20872601946256056, 1759502847784226183, 
0.19221830368041992, 0.32059556245803833, 0.2079759559227251, 1759502847816062115, 
0.08113622665405273, 0.1816321611404419, 0.212610742348255, 1759502847844034631, 
-0.23632287979125977, -0.289900541305542, 0.19658701349476587, 1759502847873874851, 
0.25410300493240356, -0.20745617151260376, 0.21077993779632911, 1759502847904096980, 
-0.2102419137954712, 0.10447067022323608, 0.18261364380378262, 1759502847926480505, 
-0.2347034215927124, 0.0627967119216919, 0.21100056320853683, 1759502847953974599, 
-0.5635387301445007, -0.08769160509109497, 0.16143826484794713, 1759502847984057677, 
-1.0718365907669067, -0.5411738157272339, 0.0761176990726931, 1759502848006538692, 
-0.5912581086158752, 0.034182965755462646, 0.009228256285015859, 1759502848033281449, 
-0.056020379066467285, 0.06740462779998779, 0.056407326640393725, 1759502848063366280, 
0.4460662007331848, 0.11384528875350952, 0.03761690396029334, 1759502848094213021, 
0.026804625988006592, -0.039673566818237305, 0.006721349807856943, 1759502848124287859, 
0.11526447534561157, -0.13600945472717285, -0.007833593976853811, 1759502848154329211, 
1.4115900993347168, 0.4748370051383972, 0.07553127887245731, 1759502848184479267, 
0.6806244850158691, 0.001490950584411621, 0.16136201629158584, 1759502848216598433, 
0.4246121048927307, -0.28224945068359375, 0.2191471828294167, 1759502848247047514, 
-0.30219733715057373, -0.03363615274429321, 0.25134796133492526, 1759502848284744408, 
-0.36872392892837524, -0.11417156457901001, 0.25101108774867187, 1759502848314569477, 
-0.26292985677719116, 0.0667877197265625, 0.23629665099213293, 1759502848344598655, 
-0.3096013069152832, 0.051229894161224365, 0.20594682796412994, 1759502848376059752, 
0.2615327835083008, 0.023908674716949463, 0.13781294942347114, 1759502848407267588, 
-0.03690791130065918, -0.23795294761657715, 0.14622236860523793, 1759502848434802020, 
0.39355558156967163, 0.10058480501174927, 0.19501862567796335, 1759502848464750109, 
-0.10937416553497314, 0.2773868441581726, 0.19289413237636502, 1759502848494777864, 
-0.09037363529205322, -0.06266599893569946, 0.20067099231417085, 1759502848524835540, 
-0.021194279193878174, -0.1611613631248474, 0.20964635852941152, 1759502848554859327, 
-0.17213594913482666, -0.013564229011535645, 0.2162499398545425, 1759502848584005748, 
-0.011495113372802734, 0.106631338596344, 0.18556100880970552, 1759502848616767366, 
0.17549121379852295, -0.0009430050849914551, 0.2033315420075889, 1759502848648217698, 
-0.03532141447067261, 0.044708192348480225, 0.22383675999260846, 1759502848675090673, 
-0.05989176034927368, -0.07202672958374023, 0.19801821831448277, 1759502848705162906, 
0.2738599181175232, -0.1701362133026123, 0.19461412221254448, 1759502848735139485, 
-0.3605613112449646, 0.1679999828338623, 0.18172096104618696, 1759502848765196281, 
0.2331358790397644, 0.08348292112350464, 0.1974026469064335, 1759502848795158784, 
-0.015334784984588623, -0.07072675228118896, 0.20194844299211942, 1759502848825294731, 
-0.14985138177871704, -0.2012975811958313, 0.18666938830362412, 1759502848856058000, 
-0.14075970649719238, -0.01532125473022461, 0.18250080553509415, 1759502848888465109, 
0.18570679426193237, 0.17307734489440918, 0.24453398223088568, 1759502848915478392, 
0.014580130577087402, 0.11950379610061646, 0.2059125692071373, 1759502848945422373, 
-0.1391127109527588, -0.33026695251464844, 0.203701481226991, 1759502848975630328, 
-0.0830603837966919, -0.1064193844795227, 0.1999492683154343, 1759502849005488816, 
0.19199687242507935, 0.2316485047340393, 0.1959152855277711, 1759502849035529455, 
-0.09072303771972656, 0.1128200888633728, 0.2042002377114616, 1759502849065784437, 
-0.20841360092163086, -0.13183647394180298, 0.19595286442081433, 1759502849096313845, 
-0.06466478109359741, -0.12103027105331421, 0.18798042166779794, 1759502849129153814, 
0.006415128707885742, 0.16147875785827637, 0.2392270332505092, 1759502849155932876, 
0.07019156217575073, 0.08816617727279663, 0.22227811995199026, 1759502849185728424, 
-0.15979766845703125, 0.022413015365600586, 0.21144573027780025, 1759502849215793313, 
0.21531909704208374, -0.30549585819244385, 0.20798413173150063, 1759502849245887389, 
0.19343769550323486, -0.057862818241119385, 0.20035088612750435, 1759502849276130086, 
-0.1121211051940918, 0.2708807587623596, 0.19775332197121506, 1759502849304951895, 
0.013942480087280273, 0.016161680221557617, 0.18357660727118333, 1759502849336401362, 
0.011871099472045898, -0.1778707504272461, 0.1765675625115378, 1759502849368251934, 
-0.11260920763015747, -0.013518154621124268, 0.19859346321091395, 1759502849398219828, 
-0.07828861474990845, 0.1095852255821228, 0.22467598763770122, 1759502849436087882, 
0.047019898891448975, 0.04404258728027344, 0.20857149621615004, 1759502849466152538, 
0.06284934282302856, -0.07263123989105225, 0.19819638044776375, 1759502849496238413, 
0.007147073745727539, -0.10834002494812012, 0.20212526252533866, 1759502849527468679, 
0.16961145401000977, -0.04387509822845459, 0.20083002589812415, 1759502849558694871, 
-0.09683173894882202, 0.2258661389350891, 0.20122263292610815, 1759502849586344274, 
0.10513967275619507, -0.05963253974914551, 0.17546409181734018, 1759502849616403421, 
0.11143094301223755, -0.1230916976928711, 0.18793184866178494, 1759502849646389245, 
-0.2532666325569153, -0.012980043888092041, 0.2089035304836517, 1759502849676416374, 
0.13756811618804932, 0.11821109056472778, 0.2138521789021307, 1759502849706639537, 
0.14542174339294434, 0.1666198968887329, 0.19798513127983694, 1759502849736696893, 
-0.06566345691680908, -0.28258246183395386, 0.1876592125463857, 1759502849768615396, 
-0.04467874765396118, -0.17923909425735474, 0.20768105898934022, 1759502849798927271, 
0.18612658977508545, 0.18322443962097168, 0.22308216860108246, 1759502849826717125, 
-0.22929006814956665, 0.29196733236312866, 0.18094403249409627, 1759502849856880068, 
0.2746325731277466, 0.012762248516082764, 0.15182819395068622, 1759502849880020219, 
0.006381809711456299, -0.11025726795196533, 0.21692883446249692, 1759502849905930926, 
-0.11915850639343262, 0.00849461555480957, 0.20449796955809302, 1759502849936899237, 
-0.0013900399208068848, 0.07319915294647217, 0.22186197885043094, 1759502849966891347, 
-0.030145347118377686, 0.1426796317100525, 0.20636684918663312, 1759502849996890494, 
0.20289480686187744, -0.06782829761505127, 0.19499429695663217, 1759502850027016107, 
-0.11163514852523804, -0.2883325219154358, 0.20760528512701898, 1759502850057117317, 
-0.14491236209869385, -0.01946479082107544, 0.2037829561141591, 1759502850088436782, 
0.20487260818481445, 0.1805533766746521, 0.18347402907530808, 1759502850120439898, 
0.09285467863082886, 0.14312851428985596, 0.18486974306941115, 1759502850147322264, 
-0.270580530166626, -0.22103345394134521, 0.1790651316183117, 1759502850176296600, 
0.11178284883499146, -0.06760162115097046, 0.16505247184284053, 1759502850198942447, 
0.0012448430061340332, 0.2502939701080322, 0.2134391687475705, 1759502850227215975, 
0.16559761762619019, 0.15235447883605957, 0.20555239973241976, 1759502850256638513, 
-0.21075844764709473, -0.13366997241973877, 0.18794158775038025, 1759502850287303851, 
0.02430129051208496, -0.1601065993309021, 0.19209326800230495, 1759502850317392309, 
-0.11584961414337158, -0.03384214639663696, 0.20989958383453922, 1759502850347385734, 
0.16910046339035034, 0.1399158239364624, 0.20358855935570785, 1759502850377430578, 
-0.014864861965179443, 0.18074673414230347, 0.16215383727801358, 1759502850408753618, 
0.029291868209838867, -0.28099238872528076, 0.16622041226448842, 1759502850440186565, 
0.2402876615524292, -0.16405540704727173, 0.21512565575717094, 1759502850467650579, 
-0.3328006863594055, 0.4668812155723572, 0.2015594925121737, 1759502850497865285, 
0.023358047008514404, 0.05981409549713135, 0.20368362716308006, 1759502850527767011, 
0.173658549785614, -0.3261048197746277, 0.19979534807112145, 1759502850557898156, 
-0.07292091846466064, -0.0882878303527832, 0.20701903422007623, 1759502850587838400, 
0.07497942447662354, 0.13721823692321777, 0.211464965740945, 1759502850617907766, 
0.13734930753707886, 0.1316770315170288, 0.19835636346126406, 1759502850648148178, 
-0.056274592876434326, -0.028055906295776367, 0.15861402561317317, 1759502850680439787, 
-0.12707197666168213, -0.25154852867126465, 0.19399122170711397, 1759502850708170749, 
-0.009012937545776367, 0.06020772457122803, 0.1933611017228991, 1759502850738565641, 
-0.5531523823738098, 0.3079800009727478, 0.1974385740779656, 1759502850768649818, 
-1.4543192386627197, -0.43689894676208496, 0.17235399425894243, 1759502850798580970, 
-0.47475290298461914, -0.15126198530197144, 0.0530766532438393, 1759502850828591098, 
-0.04328787326812744, 0.14390379190444946, 0.02452142982095061, 1759502850858667747, 
1.6872543096542358, 0.15726453065872192, 0.052089093647333794, 1759502850888643245, 
1.3539183139801025, -0.25749796628952026, 0.14347433205913496, 1759502850920583344, 
-0.12343168258666992, 0.057429492473602295, 0.1993869967689027, 1759502850950884020, 
0.40676093101501465, 0.08369588851928711, 0.25222418631398996, 1759502850978875788, 
-0.44516950845718384, 0.06215560436248779, 0.2304310111366357, 1759502851008765730, 
-0.7206593751907349, 0.12782597541809082, 0.27385081813639084, 1759502851038789443, 
-0.17971378564834595, 0.026629507541656494, 0.2653058959088434, 1759502851068913422, 
-0.1874212622642517, 0.24182188510894775, 0.21235832524833403, 1759502851098999525, 
0.305511474609375, 0.030929625034332275, 0.15412835534662445, 1759502851128734311, 
-0.04927104711532593, -0.10556674003601074, 0.10943589443481881, 1759502851160045246, 
0.44204962253570557, -0.10635238885879517, 0.1699086833903567, 1759502851191620971, 
0.2745227813720703, -0.004132688045501709, 0.2320233154042897, 1759502851228893335, 
0.15197837352752686, 0.1089739203453064, 0.2051707699611841, 1759502851258893591, 
-0.039879679679870605, 0.03640717267990112, 0.2187636499354521, 1759502851288870347, 
0.04464590549468994, -0.15546482801437378, 0.20531996598857705, 1759502851320238929, 
0.016840696334838867, -0.08004951477050781, 0.16402685822513466, 1759502851352250146, 
-0.15061277151107788, -0.09572261571884155, 0.21354179041651425, 1759502851379120967, 
0.19212430715560913, 0.18593311309814453, 0.20376024149880867, 1759502851408876640, 
-0.17936360836029053, 0.1428254246711731, 0.1951906710753629, 1759502851438963008, 
0.041195690631866455, -0.2449589967727661, 0.1909215153469005, 1759502851467944376, 
0.11948281526565552, 0.005715847015380859, 0.1767827940300978, 1759502851498979370, 
0.006645321846008301, 0.2776868939399719, 0.1988169960187187, 1759502851528983709, 
-0.14367443323135376, 0.07320427894592285, 0.20532819167146804, 1759502851560572167, 
0.419791042804718, -0.23706895112991333, 0.19927054623059579, 1759502851592026899, 
-0.2834022045135498, 0.030089139938354492, 0.193858274995385, 1759502851629130177, 
-0.18905383348464966, 0.0012812614440917969, 0.17393434719837048, 1759502851659192468, 
-0.7089995741844177, -0.018452763557434082, 0.15417696810452808, 1759502851689222310, 
-0.69579017162323, -0.1621328592300415, 0.041377018334304544, 1759502851720005209, 
-0.15494686365127563, -0.2933300733566284, 0.0018432492664059036, 1759502851752421268, 
0.5869529247283936, 0.17447632551193237, -0.011732209980108628, 1759502851778413597, 
1.3045254945755005, 0.45358842611312866, 0.11562672328239738, 1759502851809422409, 
0.25202322006225586, 0.17829519510269165, 0.18880889212007362, 1759502851839471594, 
0.4525856375694275, -0.3803457021713257, 0.22647760891673027, 1759502851869670989, 
-0.3365532159805298, 0.14011216163635254, 0.21767810318352074, 1759502851899580823, 
-0.2380838394165039, 0.15023696422576904, 0.2296092839019406, 1759502851929800976, 
-0.2637106776237488, 0.029261291027069092, 0.21740187484929288, 1759502851960090842, 
0.3936171531677246, -0.041281819343566895, 0.17998146818802738, 1759502851992467631, 
0.0884752869606018, -0.02966362237930298, 0.2262440251157372, 1759502852019792227, 
0.0908845067024231, 0.032715022563934326, 0.20209297043901644, 1759502852049770472, 
0.03992503881454468, -0.16147470474243164, 0.1805045401436294, 1759502852080008886, 
-0.3442178964614868, -0.06058865785598755, 0.18514358661153726, 1759502852109853826, 
0.20565706491470337, 0.24444854259490967, 0.2033229814015011, 1759502852140104292, 
-0.058277130126953125, 0.22737270593643188, 0.22826640729867406, 1759502852168927937, 
0.047833919525146484, -0.31660401821136475, 0.20281309521734345, 1759502852200470014, 
-0.10502004623413086, -0.22329318523406982, 0.20388395904066478, 1759502852232050774, 
0.3567894697189331, 0.13880592584609985, 0.21159343304660366, 1759502852262785364, 
-0.023079097270965576, 0.17376065254211426, 0.2258302531226252, 1759502852300117043, 
-0.04882359504699707, -0.11186426877975464, 0.1922291867970213, 1759502852330201307, 
-0.07785862684249878, -0.26252883672714233, 0.18961023625603254, 1759502852360354315, 
-0.06825876235961914, 0.09424912929534912, 0.18548041996305875, 1759502852392519655, 
-0.0326390266418457, 0.2678297758102417, 0.1925064732098252, 1759502852422595428, 
0.11065298318862915, -0.04771476984024048, 0.21706806916103574, 1759502852450333968, 
-0.2007247805595398, -0.2307678461074829, 0.21826722748022315, 1759502852480328694, 
0.2222694754600525, -0.05873042345046997, 0.20155433887156488, 1759502852502284776, 
0.25821930170059204, 0.11441308259963989, 0.2191694088524699, 1759502852540736349, 
-0.09082889556884766, 0.2159266471862793, 0.20202250840827027, 1759502852570454328, 
0.11790138483047485, -0.2593238949775696, 0.20459180664177262, 1759502852600516121, 
-0.10997515916824341, -0.18224847316741943, 0.1828991879284789, 1759502852632111428, 
0.12923359870910645, 0.1406760811805725, 0.19145101949108798, 1759502852663818889, 
-0.08201861381530762, 0.22003114223480225, 0.21415685289173383, 1759502852690701554, 
0.20905369520187378, -0.07473236322402954, 0.18573030975682964, 1759502852720808854, 
-0.2548309564590454, -0.16763341426849365, 0.20912694437144805, 1759502852751009397, 
0.11735862493515015, -0.08244055509567261, 0.2213955085679417, 1759502852780796402, 
0.052457451820373535, 0.21134710311889648, 0.20249543069833922, 1759502852811134563, 
-0.055954933166503906, 0.19763702154159546, 0.1851390753674058, 1759502852841811684, 
0.47118598222732544, -0.12023639678955078, 0.20237421038708078, 1759502852872335656, 
-0.1273398995399475, -0.20222991704940796, 0.206165893890594, 1759502852904057197, 
-0.21815335750579834, 0.23143595457077026, 0.21748540052251136, 1759502852931043988, 
0.12494373321533203, 0.25662320852279663, 0.17723735507620042, 1759502852960995780, 
-0.11923551559448242, -0.07459414005279541, 0.14463242396690898, 1759502852984243671, 
-0.09501892328262329, -0.2225358486175537, 0.21062583936953905, 1759502853011224393, 
0.17441189289093018, 0.15019690990447998, 0.21128012992719802, 1759502853041295369, 
-0.0006434321403503418, 0.21795284748077393, 0.21957648356977905, 1759502853071158270, 
0.05523592233657837, -0.04221159219741821, 0.2018655282554631, 1759502853101398869, 
-0.1557956337928772, -0.21361660957336426, 0.1970996434767094, 1759502853131295370, 
-0.016500234603881836, -0.052806556224823, 0.20855698036109727, 1759502853161295229, 
0.0185776948928833, 0.04897606372833252, 0.19997368935715917, 1759502853192068897, 
0.21470272541046143, 0.06870943307876587, 0.18459419122346182, 1759502853223429205, 
-0.14220893383026123, 0.051496684551239014, 0.18874250205474796, 1759502853251456748, 
0.06413137912750244, -0.22612130641937256, 0.18753340290275694, 1759502853281478809, 
-0.1643884778022766, -0.01409924030303955, 0.173256949541635, 1759502853304142472, 
0.04941105842590332, 0.26218992471694946, 0.21399258243705488, 1759502853331598193, 
0.2555583119392395, 0.006270289421081543, 0.1930677497787907, 1759502853361568893, 
-0.2715820074081421, -0.1451241374015808, 0.19645945196740314, 1759502853391610923, 
0.30472612380981445, -0.0637175440788269, 0.2076767151383594, 1759502853421020838, 
-0.07711225748062134, 0.04643207788467407, 0.19313019568208264, 1759502853451913509, 
0.12493503093719482, 0.05025225877761841, 0.20482671549899145, 1759502853480922815, 
0.09618514776229858, 0.00828784704208374, 0.1838935300672203, 1759502853512149463, 
0.03791993856430054, -0.07261157035827637, 0.17272408566912092, 1759502853544740531, 
-0.1395668387413025, 0.02183520793914795, 0.22318560004317994, 1759502853570955429, 
0.07214915752410889, 0.05605185031890869, 0.19983654839831017, 1759502853600926526, 
0.09387564659118652, 0.04026705026626587, 0.18783585966537686, 1759502853632268879, 
-0.24747061729431152, -0.10062026977539062, 0.20966749550171015, 1759502853662008147, 
0.158705472946167, -0.05818599462509155, 0.198268098741406, 1759502853692055801, 
-0.041521549224853516, 0.10510534048080444, 0.1906128134919334, 1759502853722177070, 
0.014361858367919922, 0.09256541728973389, 0.19983457806057564, 1759502853752553816, 
-0.05940181016921997, -0.07941704988479614, 0.20356778103021142, 1759502853784127098, 
0.08876079320907593, -0.1809321641921997, 0.22185068968938929, 1759502853812577680, 
-0.20076674222946167, 0.17983287572860718, 0.18988093928324573, 1759502853842473232, 
0.2837228775024414, 0.20228290557861328, 0.19644246221047362, 1759502853872311743, 
-0.197523832321167, 0.1359979510307312, 0.18209503585472284, 1759502853894817787, 
-0.13234424591064453, -0.15745550394058228, 0.23814872856530392, 1759502853922378751, 
0.0690717101097107, -0.06271159648895264, 0.21231943079701646, 1759502853951626442, 
-0.19211268424987793, 0.10452288389205933, 0.20383889782723497, 1759502853981453520, 
0.008193910121917725, -0.020240843296051025, 0.20892896879436715, 1759502854012481309, 
-0.24605995416641235, -0.1578187346458435, 0.2139190568767341, 1759502854042504302, 
-0.7189726829528809, -0.08437079191207886, 0.18558367814195234, 1759502854072784056, 
-0.22684085369110107, -0.19426953792572021, 0.08120114642352, 1759502854104358872, 
-0.7833300828933716, -0.15406614542007446, -0.020427885031618426, 1759502854135263111, 
0.2906608581542969, -0.13810157775878906, -0.006060632848058191, 1759502854162662529, 
-0.12058043479919434, 0.21522051095962524, 0.007431830207011946, 1759502854192734322, 
0.10266870260238647, 0.012177050113677979, 0.005047196534235952, 1759502854215751038, 
0.0503239631652832, -0.15096378326416016, -0.0013793932841114113, 1759502854242978736, 
0.900886595249176, 0.13426470756530762, 0.015789687959273845, 1759502854272809150, 
1.031968593597412, 0.3119884729385376, 0.1375460133614349, 1759502854295805393, 
0.06583517789840698, 0.4777766466140747, 0.19036432424030095, 1759502854332886840, 
0.7378734350204468, 0.06632184982299805, 0.24701014874845997, 1759502854363313465, 
-0.7683678865432739, -0.16775155067443848, 0.24375270083462108, 1759502854393151061, 
-0.28621721267700195, -0.30802100896835327, 0.23050913249585125, 1759502854424157555, 
-0.3492102026939392, 0.16537922620773315, 0.20118726236941045, 1759502854456388895, 
0.5309752821922302, -0.16116946935653687, 0.21672701330312755, 1759502854493321159, 
-0.05573582649230957, -0.009303450584411621, 0.15253132866720656, 1759502854523191173, 
0.18283194303512573, -0.034211039543151855, 0.17348614173444266, 1759502854553420432, 
-0.06471377611160278, 0.1136479377746582, 0.20600002223837752, 1759502854584216149, 
0.022012412548065186, 0.12352949380874634, 0.20254328387419193, 1759502854616407311, 
-0.35050684213638306, -0.16190308332443237, 0.2225284530761428, 1759502854643775118, 
0.054797351360321045, -0.09832000732421875, 0.19217433205533163, 1759502854673461920, 
-0.11810505390167236, 0.17187964916229248, 0.19237765658086406, 1759502854704207132, 
-0.07134890556335449, 0.216752827167511, 0.21542027640405134, 1759502854732524438, 
0.17395979166030884, -0.1527746319770813, 0.20070790884179796, 1759502854763539355, 
-0.09390825033187866, -0.21930795907974243, 0.20281525289146876, 1759502854793598063, 
-0.08746719360351562, -0.032479703426361084, 0.19140311502732363, 1759502854824885669, 
0.2052696943283081, 0.09058189392089844, 0.19758832848582455, 1759502854856578973, 
-0.07777142524719238, 0.12811213731765747, 0.2303155776301872, 1759502854883858417, 
-0.062362730503082275, -0.1495094895362854, 0.1972482202448569, 1759502854913790710, 
0.07097846269607544, -0.16582542657852173, 0.18277506343216493, 1759502854943822524, 
0.02632218599319458, 0.2216094732284546, 0.20117437619282383, 1759502854972929205, 
0.06422293186187744, 0.13685739040374756, 0.2053834947987741, 1759502855003889651, 
0.09950822591781616, -0.21327143907546997, 0.19348385526624265, 1759502855034094144, 
-0.2644398808479309, -0.11198294162750244, 0.18703609074552313, 1759502855064666888, 
0.34050941467285156, 0.018189966678619385, 0.1998480574328701, 1759502855096488847, 
-0.09472018480300903, 0.1775568127632141, 0.24286793970582016, 1759502855124259270, 
-0.0489962100982666, 0.05574220418930054, 0.20934540010898922, 1759502855154148268, 
0.085601806640625, -0.19176745414733887, 0.197291158681268, 1759502855184471859, 
0.23956477642059326, -0.11940312385559082, 0.20339065970330605, 1759502855214265941, 
-0.24464982748031616, 0.14762258529663086, 0.20901168923371136, 1759502855244201114, 
0.4660981297492981, 0.09854549169540405, 0.20376188853058685, 1759502855274197481, 
-0.21000921726226807, -0.04759269952774048, 0.19558615148171496, 1759502855304324683, 
-0.1558164358139038, -0.17817401885986328, 0.19687655205856425, 1759502855336791789, 
0.11205893754959106, 0.06844359636306763, 0.21405637524610222, 1759502855367203930, 
0.012748420238494873, 0.2221277356147766, 0.23049798240447159, 1759502855394374910, 
-0.21298599243164062, 0.05839270353317261, 0.20405608776619552, 1759502855424588840, 
0.23183047771453857, -0.3109337091445923, 0.21021939629869416, 1759502855454503909, 
-0.1682688593864441, -0.06626003980636597, 0.20471106213031498, 1759502855483800062, 
0.3814231753349304, 0.12995797395706177, 0.19857550302721882, 1759502855514660344, 
-0.13618910312652588, 0.006600320339202881, 0.19892667124717442, 1759502855544714029, 
-0.10334968566894531, -0.3372264504432678, 0.17680554180335536, 1759502855576394328, 
-0.11733317375183105, -0.02189105749130249, 0.20358458630965756, 1759502855606612185, 
0.1759263277053833, 0.12334269285202026, 0.24028974940691894, 1759502855634148677, 
-0.17397528886795044, 0.2105199098587036, 0.1951315800431901, 1759502855664838130, 
-0.01808786392211914, -0.06643104553222656, 0.21082892311591658, 1759502855694868458, 
0.460207998752594, -0.32485902309417725, 0.220056539694453, 1759502855725138820, 
-0.21660232543945312, -0.004828155040740967, 0.21254556221799384, 1759502855754002117, 
-0.07322263717651367, 0.2129254937171936, 0.18594738811636916, 1759502855785286448, 
0.26661616563796997, 0.08908534049987793, 0.17334588207538554, 1759502855816462238, 
-0.0959978699684143, -0.13274675607681274, 0.16772231499090356, 1759502855848327140, 
-0.07008117437362671, -0.11089730262756348, 0.22414133850943163, 1759502855875386877, 
0.1996927261352539, 0.19797873497009277, 0.21439717750443188, 1759502855905152132, 
-0.12733685970306396, 0.23662656545639038, 0.18854816193652377, 1759502855935172189, 
-0.17331349849700928, -0.1890718936920166, 0.1953911198325334, 1759502855965235628, 
0.2603811025619507, -0.3045312166213989, 0.2205696771070848, 1759502855995376559, 
-0.18493342399597168, 0.091533362865448, 0.20918576279545617, 1759502856025415684, 
0.058313965797424316, 0.12674367427825928, 0.184259017257323, 1759502856056782832, 
-0.04263359308242798, 0.0763775110244751, 0.17445494146579832, 1759502856088361738, 
-0.11794352531433105, -0.150046706199646, 0.20588682564226543, 1759502856115500405, 
-0.03468292951583862, -0.07236981391906738, 0.20189458763320653, 1759502856145592936, 
0.11641955375671387, 0.13347375392913818, 0.22296930827836453, 1759502856175486727, 
-0.29966896772384644, 0.1821122169494629, 0.20430935273916087, 1759502856205541574, 
0.1903313398361206, -0.20090097188949585, 0.21372575887115786, 1759502856234619183, 
-0.020951390266418457, -0.19046062231063843, 0.19712082940219056, 1759502856265820751, 
-0.18048310279846191, 0.0065125226974487305, 0.19207440832838463, 1759502856296810413, 
0.22382330894470215, 0.13865548372268677, 0.18454381152685884, 1759502856328336651, 
-0.07865321636199951, 0.0446699857711792, 0.2020704869701253, 1759502856355872466, 
-0.10588663816452026, -0.20760303735733032, 0.17495462142897258, 1759502856386083562, 
0.07321560382843018, 0.04839199781417847, 0.19088033465525261, 1759502856414930650, 
-0.0075528621673583984, 0.16337895393371582, 0.19290402855539307, 1759502856445987806, 
-0.13361644744873047, 0.03303712606430054, 0.2055909426063959, 1759502856475969696, 
-0.019036412239074707, -0.148789644241333, 0.2142632544644393, 1759502856506005649, 
0.11663824319839478, -0.05731123685836792, 0.20289802580123273, 1759502856536482086, 
-0.15690511465072632, 0.0974237322807312, 0.17636553087384066, 1759502856568404891, 
0.2352350950241089, 0.0179445743560791, 0.2106210185380018, 1759502856596203515, 
-0.11045652627944946, -0.08140283823013306, 0.20871096585872634, 1759502856626153137, 
-0.12463748455047607, -0.1399180293083191, 0.19343065504264004, 1759502856656193629, 
-0.027160346508026123, 0.06220579147338867, 0.17067442618163767, 1759502856686211974, 
0.1521444320678711, 0.23969441652297974, 0.19366979330474535, 1759502856716299253, 
-0.06284081935882568, 0.06809389591217041, 0.2085279997112217, 1759502856746428361, 
-0.22757500410079956, -0.19812190532684326, 0.2119532576382946, 1759502856776884426, 
0.11985212564468384, 0.010634243488311768, 0.19177363370303852, 1759502856808821255, 
-0.06953585147857666, 0.10485231876373291, 0.20618735298483593, 1759502856838747422, 
0.15861672163009644, -0.06258881092071533, 0.22748759673147428, 1759502856866506927, 
-0.12443530559539795, -0.03114217519760132, 0.2087139471459791, 1759502856896549245, 
0.1404997706413269, -0.14851999282836914, 0.18376266197362576, 1759502856926535872, 
0.07791197299957275, -0.014221668243408203, 0.18614174827630475, 1759502856956555668, 
-0.1207990050315857, 0.20825731754302979, 0.2020823929758715, 1759502856986639197, 
-0.1872931718826294, 0.023985743522644043, 0.21904572418804458, 1759502857016745853, 
0.048920512199401855, -0.17979097366333008, 0.19238244018340991, 1759502857048412958, 
-0.10555046796798706, 0.0446200966835022, 0.18516002628777575, 1759502857079541460, 
0.18026351928710938, 0.12471973896026611, 0.2393425151711041, 1759502857106918908, 
0.12806719541549683, 0.028682172298431396, 0.2184974888431764, 1759502857136866554, 
-0.382817804813385, -0.04234045743942261, 0.19497329405166314, 1759502857167106164, 
0.3851974606513977, -0.0707627534866333, 0.18150158148988754, 1759502857195938382, 
0.07282048463821411, 0.0837969183921814, 0.18366987056830758, 1759502857226997563, 
-0.17087960243225098, 0.09885644912719727, 0.20598647296017222, 1759502857257086014, 
-0.15527307987213135, -0.03860938549041748, 0.1943001549440701, 1759502857287930456, 
0.22341865301132202, -0.14391493797302246, 0.17898779136619353, 1759502857320672814, 
-0.04421424865722656, 0.13130873441696167, 0.22872832162442042, 1759502857347330057, 
0.17378467321395874, 0.10133945941925049, 0.2138917465234164, 1759502857377185048, 
-0.08458137512207031, -0.0324176549911499, 0.2010166098748951, 1759502857407276441, 
-0.0427585244178772, -0.05041724443435669, 0.2014025843169012, 1759502857437466350, 
0.2405192255973816, -0.068930983543396, 0.1881669243025425, 1759502857467527350, 
0.034065306186676025, 0.051104187965393066, 0.18676916342414804, 1759502857497405795, 
-0.08960235118865967, 0.20320332050323486, 0.19235445995192543, 1759502857528458098, 
-0.07601273059844971, -0.17985326051712036, 0.18769232524269264, 1759502857560329803, 
0.025757253170013428, -0.04463249444961548, 0.20808820499838085, 1759502857587563890, 
-0.14650076627731323, 0.24432075023651123, 0.20321932469133347, 1759502857617794537, 
0.40096515417099, 0.07350850105285645, 0.22149399167068903, 1759502857647556678, 
-0.27336424589157104, -0.1120644211769104, 0.20599843639727083, 1759502857676781540, 
0.053976237773895264, -0.12623316049575806, 0.18925002699856652, 1759502857707781994, 
0.1678122878074646, -0.06202799081802368, 0.21179597449440038, 1759502857737705093, 
0.09094655513763428, 0.14121627807617188, 0.1876186090844744, 1759502857768881665, 
-0.14025390148162842, 0.02191871404647827, 0.1790286932231473, 1759502857800339662, 
-0.09758734703063965, -0.1609642505645752, 0.1895025312290566, 1759502857827882051, 
-0.23726356029510498, 0.01814556121826172, 0.18119267875014083, 1759502857857878768, 
0.12038123607635498, 0.13508319854736328, 0.21458390088670085, 1759502857887879420, 
0.022130608558654785, 0.17512041330337524, 0.23028542787253392, 1759502857916927543, 
0.39033228158950806, -0.12910670042037964, 0.21681605508122218, 1759502857947985012, 
-0.2729704976081848, -0.20090728998184204, 0.21656552308782265, 1759502857978068183, 
0.23864537477493286, -0.047800302505493164, 0.2118695077438435, 1759502858008465120, 
-0.15726906061172485, 0.17257142066955566, 0.18834160645077522, 1759502858040607874, 
-0.05363410711288452, 0.05286407470703125, 0.22290761980988946, 1759502858068193863, 
0.08442896604537964, -0.15096408128738403, 0.19354564258061271, 1759502858098917005, 
-0.2569095492362976, -0.11381852626800537, 0.20073492580598326, 1759502858127946046, 
0.14670443534851074, 0.12140840291976929, 0.19820213894391597, 1759502858159016072, 
-0.11666488647460938, 0.21807235479354858, 0.20984825278692473, 1759502858189009269, 
0.04720371961593628, -0.16176843643188477, 0.20950545040949595, 1759502858219337193, 
-0.09576648473739624, -0.164381742477417, 0.21859193475118424, 1759502858249239381, 
0.19689619541168213, 0.022985994815826416, 0.20504431605387027, 1759502858281198123, 
-0.06248420476913452, 0.28358250856399536, 0.20213190216297175, 1759502858311355698, 
0.024043738842010498, -0.1377735733985901, 0.214466302914708, 1759502858339217303, 
-0.10869354009628296, -0.29372215270996094, 0.18876622040560775, 1759502858369058165, 
0.09191155433654785, -0.09669047594070435, 0.17357856495550322, 1759502858391139972, 
0.047885358333587646, 0.2650001645088196, 0.1976536545738766, 1759502858419112302, 
-0.20637738704681396, 0.2688441276550293, 0.1852329664057911, 1759502858449244655, 
-0.05228269100189209, -0.2538917660713196, 0.19809352145807047, 1759502858479083469, 
-0.009360194206237793, -0.18937212228775024, 0.21624003333643882, 1759502858509126990, 
0.12276351451873779, 0.1919962763786316, 0.22925068133251955, 1759502858539093975, 
0.06341391801834106, 0.25843292474746704, 0.21425112395667772, 1759502858569203139, 
-0.016506850719451904, -0.11029714345932007, 0.17904239106828468, 1759502858600823732, 
-0.08739989995956421, -0.26735013723373413, 0.1928717957745502, 1759502858632265492, 
0.06318360567092896, -0.06572538614273071, 0.23641637194226386, 1759502858659356085, 
0.004643559455871582, 0.20798850059509277, 0.1933342100354551, 1759502858689214784, 
-0.015614151954650879, 0.20478129386901855, 0.18041302599068573, 1759502858719608044, 
-0.07365745306015015, -0.20766502618789673, 0.19218656844013216, 1759502858749357288, 
0.0008662939071655273, -0.12144160270690918, 0.2044850832420148, 1759502858779326513, 
-0.09946483373641968, 0.18697583675384521, 0.21013589654211887, 1759502858809325919, 
0.24058330059051514, 0.13289964199066162, 0.19761468596447876, 1759502858840487273, 
0.005685389041900635, -0.10821795463562012, 0.18575918102838768, 1759502858872824649, 
-0.13686829805374146, -0.1446719765663147, 0.22880504412910058, 1759502858909367948, 
0.2725079655647278, 0.08809751272201538, 0.19612708332902853, 1759502858939552883, 
0.08724063634872437, 0.15585219860076904, 0.18768583362700017, 1759502858969460702, 
-0.11827117204666138, -0.07291537523269653, 0.17934480968519406, 1759502859000371619, 
0.035526394844055176, -0.1355886459350586, 0.1833826574642397, 1759502859032562395, 
0.12270057201385498, 0.20229202508926392, 0.2258189940487478, 1759502859069620645, 
0.35045260190963745, 0.02652919292449951, 0.20934430709926438, 1759502859099842028, 
-0.46081775426864624, -0.04308968782424927, 0.20135312966429933, 1759502859129857681, 
-0.021991431713104248, -0.17691844701766968, 0.2033917438103793, 1759502859159401593, 
0.07769060134887695, 0.1598147749900818, 0.16711682837039674, 1759502859192649395, 
0.3814355731010437, 0.2238292694091797, 0.2151369647824958, 1759502859219882324, 
0.48931097984313965, -0.42851680517196655, 0.22624129958948994, 1759502859250011241, 
-0.4071006178855896, -0.17975103855133057, 0.19735431044150914, 1759502859279889821, 
-0.40700531005859375, 0.08049088716506958, 0.19019066731296358, 1759502859309054742, 
-0.15238893032073975, 0.2629103660583496, 0.16770415060581934, 1759502859340268981, 
0.25362682342529297, 0.02433842420578003, 0.20078076090637612, 1759502859369977873, 
-0.10489761829376221, -0.14372342824935913, 0.21798098407755562, 1759502859400412358, 
0.26860684156417847, -0.13897371292114258, 0.18880933766153885, 1759502859432817212, 
0.10470479726791382, 0.06954747438430786, 0.20882502968618882, 1759502859460260953, 
-0.03147488832473755, 0.050857365131378174, 0.20231134945792312, 1759502859490185433, 
0.0693209171295166, 0.0193900465965271, 0.2096350249002964, 1759502859520261100, 
-0.17733228206634521, -0.028392672538757324, 0.20258824005554746, 1759502859550273772, 
-0.01838916540145874, -0.12833905220031738, 0.176535874747315, 1759502859580274410, 
0.01074904203414917, 0.024550795555114746, 0.18568807502628729, 1759502859610309423, 
0.03208833932876587, 0.22346174716949463, 0.19984021126677365, 1759502859641481163, 
-0.18590670824050903, -0.08722233772277832, 0.21453900234244402, 1759502859672410174, 
0.1084551215171814, -0.22396016120910645, 0.19230408665321344, 1759502859702520503, 
-0.14254438877105713, 0.10046815872192383, 0.2035158310995846, 1759502859730751131, 
0.3766419291496277, 0.1265580654144287, 0.20757706538270893, 1759502859760487394, 
-0.14415353536605835, 0.05799984931945801, 0.19470576743413848, 1759502859783021681, 
-0.12224847078323364, -0.08701109886169434, 0.23025775937925624, 1759502859810613489, 
0.21927517652511597, -0.02121126651763916, 0.18828050186870202, 1759502859840627124, 
-0.0468062162399292, 0.11066824197769165, 0.17126608932976262, 1759502859862862723, 
0.18838584423065186, 0.05297797918319702, 0.23015398679073817, 1759502859890751529, 
-0.31066280603408813, 0.03743046522140503, 0.2353443286911996, 1759502859919749060, 
0.21918904781341553, -0.11658746004104614, 0.18164098586693186, 1759502859943584564, 
0.0234411358833313, -0.032514333724975586, 0.2160971094838676, 1759502859971005261, 
0.0897720456123352, 0.1250731348991394, 0.2055562568847865, 1759502860001099548, 
0.006178855895996094, 0.014161884784698486, 0.2236385450133137, 1759502860029944250, 
0.13705629110336304, -0.15856069326400757, 0.21670592874034642, 1759502860059954824, 
-0.1700478196144104, -0.05690741539001465, 0.20076759909270092, 1759502860091230661, 
0.3773096799850464, -0.06076633930206299, 0.2060584139044219, 1759502860121076333, 
0.036107540130615234, 0.14068013429641724, 0.19092573280443254, 1759502860152619899, 
-0.21672677993774414, 0.06844079494476318, 0.1885968303128827, 1759502860184655539, 
0.04313427209854126, -0.13747406005859375, 0.21860285049607667, 1759502860211342904, 
0.009475231170654297, 0.0264207124710083, 0.19053176386148746, 1759502860241595154, 
-0.12632840871810913, 0.19597142934799194, 0.20459548328040905, 1759502860271286908, 
0.16855549812316895, 0.03690016269683838, 0.20656250840184315, 1759502860301292036, 
-0.1778889298439026, -0.0865333080291748, 0.1892751497511507, 1759502860331559917, 
0.15756690502166748, -0.17743712663650513, 0.20764132815602232, 1759502860361499239, 
0.11222749948501587, 0.024567484855651855, 0.2053683888636755, 1759502860392899291, 
-0.28344279527664185, 0.2097131609916687, 0.18825053317990822, 1759502860424759187, 
0.06079167127609253, -0.07105731964111328, 0.20603067402172562, 1759502860451569805, 
-0.07491332292556763, -0.1349155306816101, 0.19336398312397254, 1759502860481530978, 
0.17390412092208862, 0.147227942943573, 0.19316722032660982, 1759502860511613981, 
0.0014060735702514648, 0.16658943891525269, 0.20436258110710537, 1759502860541775183, 
0.22695869207382202, -0.060122013092041016, 0.20018004510446996, 1759502860571774373, 
-0.3044123649597168, -0.13636362552642822, 0.19349931208104648, 1759502860601689576, 
-0.008487343788146973, -0.09027367830276489, 0.19452795673726797, 1759502860632533752, 
-0.068825364112854, 0.05790352821350098, 0.19255986237040015, 1759502860664465968, 
-0.018764495849609375, 0.19804507493972778, 0.2031669444930287, 1759502860691908843, 
-0.05366814136505127, -0.1421183943748474, 0.19245063833694495, 1759502860721854527, 
0.16332721710205078, -0.1198493242263794, 0.19892364668359447, 1759502860752016793, 
-0.27687370777130127, 0.10457390546798706, 0.1990019984185161, 1759502860782056074, 
0.14337295293807983, 0.10383552312850952, 0.20167898158236885, 1759502860812090499, 
0.10789775848388672, 0.030823945999145508, 0.19811546247116996, 1759502860842050291, 
-0.12864220142364502, -0.17510169744491577, 0.19532780450383933, 1759502860872845965, 
0.06677490472793579, 0.0018295645713806152, 0.1998458830394983, 1759502860905097969, 
-0.2913992404937744, 0.13124889135360718, 0.2422713371693072, 1759502860932470725, 
-0.19362998008728027, -0.014466822147369385, 0.20314453581077735, 1759502860962273645, 
-1.8608523607254028, -0.5029036998748779, 0.14894574752602888, 1759502860992261750, 
-0.33731478452682495, 0.0723380446434021, 0.04762934887381222, 1759502861022334788, 
-0.002422928810119629, 0.257468044757843, 0.04904526394294113, 1759502861052337320, 
0.4637513756752014, -0.2169278860092163, 0.0353726694000052, 1759502861082428334, 
0.05863487720489502, -0.20255517959594727, 0.011878529940907708, 1759502861112515741, 
0.08915627002716064, 0.09449714422225952, 0.00539007673209545, 1759502861144611207, 
-0.11658227443695068, 0.06899404525756836, 0.0020640338139727827, 1759502861172997353, 
0.03436434268951416, -0.11723124980926514, -0.006369123181236812, 1759502861202532431, 
0.07392549514770508, 0.002852916717529297, 0.0010620290364055985, 1759502861232558480, 
-0.05116695165634155, 0.007674455642700195, 0.007982275566738802, 1759502861262800549, 
-0.010387659072875977, -0.0010483860969543457, -0.005224569391382224, 1759502861292679355, 
0.050962865352630615, -0.05272471904754639, -0.003762163366021567, 1759502861322734056, 
-0.0380932092666626, 0.03849148750305176, 0.004739923199673103, 1759502861353266492, 
-0.011463642120361328, -0.009977281093597412, 0.0018671102286971321, 1759502861384679167, 
0.10285341739654541, -0.02259773015975952, -0.0007053329012841005, 1759502861415777602, 
-0.005963325500488281, 0.00041431188583374023, -0.00011210215559351075, 1759502861451922920, 
0.0048067569732666016, -0.039148569107055664, -0.0015694061997608643, 1759502861482913873, 
0.04190528392791748, -0.005504786968231201, 0.001224791068938763, 1759502861513182116, 
0.054210543632507324, 0.023254454135894775, 0.001986292467848552, 1759502861545380770, 
0.01656442880630493, -0.02659749984741211, -0.0016036823333133768, 1759502861575709382, 
0.004664242267608643, -0.06964778900146484, -0.00157761021167862, 1759502861603101112, 
0.008848965167999268, 0.00033020973205566406, 0.0028497605347894517, 1759502861633136034, 
-0.012692511081695557, 0.0041762590408325195, -8.822397526532249e-05, 1759502861656106516, 
0.0210113525390625, -0.013409435749053955, -0.0010149607536152133, 1759502861683178462, 
0.02847146987915039, -0.0401686429977417, 0.00035110364327243024, 1759502861713225573, 
0.009539783000946045, -0.03663527965545654, -0.0010770023819103925, 1759502861743331926, 
0.018761873245239258, -0.013369262218475342, 0.0003479148411205368, 1759502861773484449, 
0.013451874256134033, -0.020489871501922607, 0.00032662432863913107, 1759502861804506431, 
0.05082881450653076, -0.009583115577697754, -0.001104571617701019, 1759502861834023502, 
0.8068357110023499, 0.15934687852859497, 0.0027407092662123556, 1759502861865166497, 
1.671846628189087, 0.080433189868927, 0.13168786715533548, 1759502861896873081, 
0.08842039108276367, 0.26795607805252075, 0.20129177493205846, 1759502861924339482, 
0.6383770108222961, 0.07888269424438477, 0.23243840096036358, 1759502861954169071, 
-0.4850248098373413, 0.2583540081977844, 0.22092023717972703, 1759502861984555033, 
-0.3482127785682678, -0.43422526121139526, 0.22833697646389073, 1759502862014146870, 
-0.15896832942962646, -0.04720181226730347, 0.22246550199296697, 1759502862044519656, 
-0.615454375743866, 0.3033629059791565, 0.2343479335586077, 1759502862074299251, 
0.544113039970398, 0.07189637422561646, 0.183856069098056, 1759502862104903466, 
0.002301812171936035, -0.1915333867073059, 0.15398929357947314, 1759502862136000744, 
0.24887573719024658, -0.1659928560256958, 0.229354112753056, 1759502862174290714, 
-0.08550333976745605, 0.16589343547821045, 0.23348547541813985, 1759502862204572874, 
-0.2138892412185669, 0.2833362817764282, 0.19282009485556525, 1759502862233999453, 
-0.001422882080078125, -0.3036101460456848, 0.16391818473108033, 1759502862264811788, 
0.03297990560531616, -0.2334080934524536, 0.19204440106573548, 1759502862295944952, 
-0.32626163959503174, 0.0994565486907959, 0.22417469687458813, 1759502862324267161, 
0.2238757610321045, 0.1521766185760498, 0.20568989683109273, 1759502862354133209, 
-0.07890647649765015, 0.08008140325546265, 0.19069281232221122, 1759502862384205547, 
0.004465699195861816, -0.24249953031539917, 0.2057509985806583, 1759502862414256080, 
0.06779974699020386, -0.17223435640335083, 0.2124230392785617, 1759502862444308906, 
0.4571939706802368, 0.2246648669242859, 0.20191669154584632, 1759502862474412914, 
-0.0015364289283752441, 0.14704430103302002, 0.1733501440572522, 1759502862505054054, 
-0.14229905605316162, -0.28506559133529663, 0.14551616839928805, 1759502862537319202, 
-0.13393819332122803, 0.01601552963256836, 0.20638792793433444, 1759502862564497486, 
-0.16421979665756226, 0.3008595108985901, 0.21120193807195153, 1759502862594474756, 
0.10689049959182739, 0.002477407455444336, 0.20696513359774213, 1759502862624578782, 
-0.1015586256980896, -0.035757482051849365, 0.2121299633344785, 1759502862654627221, 
-0.03372722864151001, -0.08255654573440552, 0.2098940796178881, 1759502862684835574, 
0.08027923107147217, 0.09512686729431152, 0.18492866742145142, 1759502862714612296, 
0.13733410835266113, 0.0905035138130188, 0.18816711071178538, 1759502862744701483, 
-0.03685450553894043, -0.09495693445205688, 0.18100688210599675, 1759502862777101833, 
0.034974515438079834, -0.191475510597229, 0.21845893403034444, 1759502862804028499, 
-0.0015459060668945312, 0.15463995933532715, 0.19536594387423872, 1759502862834026642, 
-0.23429781198501587, 0.1564214825630188, 0.1979685217606251, 1759502862864849900, 
0.13416093587875366, 0.12138110399246216, 0.19522304029204174, 1759502862886586846, 
-0.08101850748062134, -0.02837824821472168, 0.22818192037299814, 1759502862925016807, 
0.06484788656234741, -0.17946183681488037, 0.20876370396157, 1759502862955103667, 
0.05861598253250122, -0.04458838701248169, 0.20630390598248563, 1759502862985097320, 
0.025249242782592773, 0.17724889516830444, 0.1973118317748352, 1759502863017219440, 
0.010423064231872559, 0.04782462120056152, 0.2028103087670408, 1759502863047902128, 
0.25645899772644043, -0.25880664587020874, 0.20494338362368705, 1759502863075273312, 
-0.26874130964279175, 0.015060126781463623, 0.1812290377843538, 1759502863105208066, 
0.25289928913116455, 0.1671135425567627, 0.1924496440273602, 1759502863135268122, 
0.027233242988586426, 0.12492799758911133, 0.2046053825127194, 1759502863165482438, 
-0.19342708587646484, -0.16319960355758667, 0.21344862607806814, 1759502863195350527, 
0.1516703963279724, -0.17012977600097656, 0.200657711386431, 1759502863225414365, 
0.3182039260864258, 0.12448102235794067, 0.18692587651847908, 1759502863256768694, 
-0.05484265089035034, 0.13346433639526367, 0.2020866809000519, 1759502863288686047, 
0.02457517385482788, -0.07943087816238403, 0.2273959778567083, 1759502863315553528, 
0.11428892612457275, -0.2300194501876831, 0.18261796424362486, 1759502863345524944, 
-0.032252371311187744, -0.09372580051422119, 0.18583052079095977, 1759502863375577456, 
0.12921357154846191, 0.11571449041366577, 0.1982554403694741, 1759502863405596062, 
-0.12348151206970215, 0.17911094427108765, 0.1942367854314355, 1759502863435648525, 
-0.045887887477874756, -0.13842487335205078, 0.20921219313102343, 1759502863465714769, 
-0.032024502754211426, -0.10126727819442749, 0.20347257449953485, 1759502863496838192, 
0.14119189977645874, 0.12329500913619995, 0.1938325883941685, 1759502863529261661, 
-0.0551145076751709, 0.13224244117736816, 0.23500922775604327, 1759502863555975715, 
0.08928793668746948, -0.13931983709335327, 0.2093613038692548, 1759502863586039580, 
-0.044270455837249756, -0.24842560291290283, 0.19605241418974495, 1759502863614939698, 
-0.0826537013053894, -0.027553796768188477, 0.1747960440248872, 1759502863645316028, 
0.21448493003845215, 0.283048152923584, 0.176945751979753, 1759502863676166146, 
-0.11910146474838257, 0.01330256462097168, 0.19893799868833437, 1759502863706093293, 
-0.31756383180618286, -0.28437209129333496, 0.18265927613137767, 1759502863736723949, 
-0.05356818437576294, 0.08513897657394409, 0.203566929081807, 1759502863769006562, 
-0.009671986103057861, 0.45789211988449097, 0.27085641204782296, 1759502863796201844, 
0.2130286693572998, -0.019343912601470947, 0.23043545167086849, 1759502863826247421, 
0.08728063106536865, -0.2900344133377075, 0.2140112721490075, 1759502863856280979, 
0.16801631450653076, -0.044996023178100586, 0.2038630197791716, 1759502863886405193, 
-0.13802415132522583, 0.07422775030136108, 0.2077402398372641, 1759502863916454209, 
0.060381531715393066, 0.04440128803253174, 0.19933257796292458, 1759502863946418171, 
-0.07720106840133667, -0.1054692268371582, 0.17347190402566237, 1759502863977219852, 
-0.15363824367523193, -0.11370652914047241, 0.1686682251176224, 1759502864009008804, 
0.07668644189834595, 0.04455864429473877, 0.22625051900158705, 1759502864036712755, 
0.034131646156311035, 0.20997494459152222, 0.21802172913138151, 1759502864066544886, 
0.06539785861968994, -0.03862333297729492, 0.21222969664799704, 1759502864096610462, 
0.03631770610809326, -0.20229947566986084, 0.21005114017547105, 1759502864126649520, 
-0.10232782363891602, -0.09080499410629272, 0.200297549996996, 1759502864157037392, 
0.024322032928466797, 0.03867071866989136, 0.21022277283749063, 1759502864186721893, 
0.22631996870040894, 0.2211889624595642, 0.19193648470227068, 1759502864216837515, 
-0.11000370979309082, -0.136399507522583, 0.16458203278751574, 1759502864248986582, 
0.06747746467590332, -0.2746075391769409, 0.1713502631120625, 1759502864279278964, 
-0.1755990982055664, 0.1032642126083374, 0.2271546687088195, 1759502864306843223, 
-0.0704042911529541, 0.2732521891593933, 0.20591808324401073, 1759502864336891290, 
0.05503487586975098, -0.06645983457565308, 0.2048731665297911, 1759502864365941416, 
-0.03693222999572754, -0.23193895816802979, 0.1949333931836381, 1759502864397164194, 
-0.13095974922180176, -0.016134023666381836, 0.1982943638177035, 1759502864427338898, 
0.124164879322052, 0.17190605401992798, 0.2023389195983935, 1759502864457548222, 
0.01994013786315918, 0.0906449556350708, 0.18383343544352546, 1759502864489158560, 
-0.026457548141479492, -0.26830190420150757, 0.17606807044720127, 1759502864518958268, 
0.0035303831100463867, -0.15227901935577393, 0.18410559669985732, 1759502864547319646, 
-0.06917756795883179, 0.3198395371437073, 0.19489954338288024, 1759502864577273308, 
0.039939284324645996, 0.2856717109680176, 0.1741848474564882, 1759502864600651613, 
-0.13361519575119019, 0.044392526149749756, 0.2266883961593583, 1759502864627444746, 
0.2743239402770996, -0.3880115747451782, 0.2121129347086101, 1759502864657430839, 
0.16194850206375122, -0.22963857650756836, 0.1851646157829867, 1759502864681305789, 
0.26800477504730225, 0.21695208549499512, 0.24573938940609688, 1759502864717508628, 
-0.21813452243804932, 0.26039743423461914, 0.19493237317444803, 1759502864747540243, 
0.13151699304580688, -0.42023390531539917, 0.18181776823822787, 1759502864777616136, 
-0.29774993658065796, -0.2885822057723999, 0.18168432088025252, 1759502864809485600, 
-0.1827787160873413, 0.25407373905181885, 0.18708584113445106, 1759502864840727510, 
0.2834119200706482, 0.31516653299331665, 0.19770219892609583, 1759502864867765574, 
0.3670353889465332, 4.315376281738281e-05, 0.19437402639071477, 1759502864897784885, 
-0.1854967474937439, -0.12501096725463867, 0.23024109278121135, 1759502864926939708, 
-0.32364559173583984, -0.10335588455200195, 0.2295022269106986, 1759502864957801505, 
0.08898746967315674, 0.08024686574935913, 0.21393445970934666, 1759502864987838448, 
-0.2506076693534851, 0.13852864503860474, 0.18825084114625484, 1759502865017901864, 
0.30061614513397217, -0.1978747844696045, 0.1920445923635839, 1759502865047964135, 
0.003313124179840088, -0.22573959827423096, 0.18459568217462616, 1759502865080641096, 
-0.038420915603637695, 0.1651393175125122, 0.2130983964821223, 1759502865108091275, 
-0.029217839241027832, 0.25016987323760986, 0.18613327267553859, 1759502865137058005, 
-0.08082067966461182, -0.233087420463562, 0.17123354569650337, 1759502865168135995, 
-0.05278211832046509, -0.21442800760269165, 0.2127450530884075, 1759502865198172166, 
0.227466881275177, 0.23800289630889893, 0.2266134891374152, 1759502865228155978, 
0.1430465579032898, 0.16845077276229858, 0.2114564544093674, 1759502865258255363, 
-0.14478296041488647, -0.1541428565979004, 0.2073420405274639, 1759502865288845341, 
-0.013471662998199463, -0.22615736722946167, 0.1962172198195733, 1759502865321114412, 
-0.05914115905761719, 0.027047336101531982, 0.20441606789336653, 1759502865348598417, 
-0.0307428240776062, 0.21758371591567993, 0.18885949956722808, 1759502865378548708, 
0.05694073438644409, -0.0010048747062683105, 0.2006494102241556, 1759502865408524830, 
-0.24010461568832397, -0.12838006019592285, 0.19545346959682575, 1759502865438637833, 
0.019085168838500977, -0.08648252487182617, 0.19484039807999398, 1759502865468766279, 
0.14077866077423096, 0.17551809549331665, 0.20012907767578725, 1759502865498588128, 
0.15648126602172852, 0.06488651037216187, 0.20214144251025293, 1759502865529330448, 
-0.18671369552612305, -0.12358802556991577, 0.19768681570119565, 1759502865561012014, 
0.3383072018623352, -0.0884971022605896, 0.21610833861030349, 1759502865588827751, 
-0.07627671957015991, 0.04611104726791382, 0.18226407127533326, 1759502865619362385, 
-0.1472787857055664, 0.02776855230331421, 0.200038923024924, 1759502865649328204, 
0.1126297116279602, -0.03423452377319336, 0.20928430298629289, 1759502865679350938, 
-0.14651697874069214, -0.05227041244506836, 0.19115122437276066, 1759502865709388420, 
0.08367687463760376, -0.029321253299713135, 0.18773028734963004, 1759502865739440372, 
0.1483522653579712, 0.06494724750518799, 0.20572566179070928, 1759502865769641254, 
0.027754247188568115, 0.095115065574646, 0.19716680766616732, 1759502865801335099, 
-0.1169087290763855, -0.13102316856384277, 0.21212861939563166, 1759502865831497114, 
0.11107170581817627, -0.19842898845672607, 0.217680367110311, 1759502865859411846, 
-0.19029462337493896, 0.13680297136306763, 0.18254424851413115, 1759502865889415033, 
0.11990934610366821, 0.006826937198638916, 0.17765133691263027, 1759502865911977897, 
-0.005054295063018799, 0.07771533727645874, 0.2275860913766761, 1759502865939523603, 
-0.111461341381073, -0.024462580680847168, 0.19289723800264932, 1759502865969465898, 
-0.0459628701210022, -0.2132975459098816, 0.1493359921398305, 1759502865992510648, 
-0.09556889533996582, 0.03435391187667847, 0.20857018422632664, 1759502866019497128, 
0.20083242654800415, 0.1339247226715088, 0.21252774642646483, 1759502866049533706, 
-0.1771724820137024, 0.13842272758483887, 0.20974765517927868, 1759502866079580857, 
0.22876375913619995, -0.31577080488204956, 0.21559889753870273, 1759502866109594496, 
-0.04126769304275513, -0.0462680459022522, 0.21026879174906946, 1759502866139665707, 
-0.06050354242324829, 0.19809293746948242, 0.20863307270260825, 1759502866169703317, 
0.027466535568237305, 0.09310686588287354, 0.19422890909319013, 1759502866200893338, 
-0.17810600996017456, -0.15541988611221313, 0.18447561767304288, 1759502866232746816, 
-0.05357205867767334, -0.21362543106079102, 0.21218959030284226, 1759502866260060777, 
0.0750124454498291, 0.11584806442260742, 0.20560607372134532, 1759502866289761029, 
0.2048085331916809, 0.16620945930480957, 0.178980859142585, 1759502866313316740, 
-0.1702033281326294, -0.0728452205657959, 0.21704833899998896, 1759502866349820552, 
-0.10599297285079956, -0.257466197013855, 0.18726495093955522, 1759502866379763487, 
0.013636469841003418, 0.09714025259017944, 0.19758959769777268, 1759502866409855644, 
0.18728435039520264, 0.23641610145568848, 0.22152960809878097, 1759502866440768167, 
-0.046994030475616455, 0.05825001001358032, 0.20265914838231222, 1759502866473627439, 
0.15301042795181274, -0.2250843644142151, 0.23990838082078283, 1759502866500069403, 
-0.02203899621963501, -0.06723219156265259, 0.19659073517720893, 1759502866529987002, 
-0.04579877853393555, 0.10088402032852173, 0.20697014589747045, 1759502866560035298, 
0.2257225513458252, 0.10014700889587402, 0.20686647569431316, 1759502866590104001, 
-0.21289896965026855, -0.04323422908782959, 0.19436564327036204, 1759502866620139983, 
-0.125521719455719, -0.10766112804412842, 0.21015871137877112, 1759502866650195313, 
0.19191521406173706, 0.05754685401916504, 0.21920278693565923, 1759502866680770699, 
-0.01708197593688965, 0.213881254196167, 0.19426229037974344, 1759502866713046660, 
-0.14040368795394897, -0.0923566222190857, 0.2294546306891855, 1759502866740598916, 
0.10404014587402344, -0.2721349000930786, 0.21945187417596626, 1759502866770344235, 
0.04376941919326782, -0.050951480865478516, 0.17893438891348765, 1759502866793516019, 
0.17801177501678467, 0.07957327365875244, 0.21697110163784208, 1759502866830437331, 
0.09413766860961914, 0.1562027931213379, 0.18317475510824507, 1759502866860542880, 
-0.18913447856903076, -0.16113775968551636, 0.1871142859673849, 1759502866890616703, 
-0.02742856740951538, -0.09451925754547119, 0.19505399257119843, 1759502866921390860, 
0.037913501262664795, 0.09235256910324097, 0.2041173831459861, 1759502866953047772, 
-0.03721034526824951, 0.2601895332336426, 0.2043115293329515, 1759502866990639904, 
-0.0018590688705444336, -0.25412726402282715, 0.20545981007729508, 1759502867020673734, 
0.039326608180999756, -0.23908936977386475, 0.21520418637087044, 1759502867049920459, 
0.13306593894958496, 0.08698463439941406, 0.21001967280986375, 1759502867079926285, 
-0.08391666412353516, 0.1011589765548706, 0.184600208920213, 1759502867113443984, 
0.2523447275161743, -0.12424886226654053, 0.18573522964597583, 1759502867143579697, 
-0.10478132963180542, -0.18526393175125122, 0.19886924700790626, 1759502867179934035, 
-0.08231812715530396, 0.14006173610687256, 0.1997553914727703, 1759502867209944490, 
-0.0041010379791259766, 0.2511283755302429, 0.18206465445674141, 1759502867241245042, 
0.09296983480453491, -0.12203747034072876, 0.16696627661695967, 1759502867273062934, 
-0.2581440806388855, -0.1650511622428894, 0.18849030445442755, 1759502867303543661, 
0.353518009185791, -0.037872910499572754, 0.23089002698609845, 1759502867331506014, 
-0.40434837341308594, 0.17487674951553345, 0.21340586563870162, 1759502867361120073, 
0.14799249172210693, 0.05617719888687134, 0.18988923594119356, 1759502867391197016, 
-0.06129765510559082, -0.17989230155944824, 0.1845280392565773, 1759502867421401842, 
0.30466747283935547, -0.11676520109176636, 0.19788351971414098, 1759502867451342596, 
-0.20043641328811646, 0.14133399724960327, 0.20349728238607295, 1759502867481342018, 
0.1957123875617981, 0.08531588315963745, 0.187051527866921, 1759502867512834522, 
0.09516036510467529, -0.07371455430984497, 0.1732768389230094, 1759502867545040156, 
-0.05931735038757324, -0.05540388822555542, 0.2269189369380335, 1759502867571515755, 
0.07364577054977417, -0.06727254390716553, 0.21136271820184355, 1759502867601687861, 
0.06979590654373169, 0.13813269138336182, 0.21591177370404946, 1759502867631568482, 
-0.052293598651885986, 0.11311715841293335, 0.20094590067845916, 1759502867661581744, 
0.139423668384552, -0.26477259397506714, 0.19930729326255422, 1759502867691646830, 
0.01290196180343628, -0.18830329179763794, 0.20423748412686388, 1759502867721723279, 
-0.08783978223800659, 0.24502700567245483, 0.18664240999931817, 1759502867753300430, 
0.22989141941070557, 0.13688403367996216, 0.1795001647790984, 1759502867784837147, 
-0.13481372594833374, -0.12000530958175659, 0.21029932142260596, 1759502867812142931, 
-0.09871423244476318, -0.1542162299156189, 0.22077845684944128, 1759502867840946873, 
0.15462571382522583, 0.1926770806312561, 0.20501528817968243, 1759502867871881446, 
0.008437037467956543, 0.15311431884765625, 0.2234717070910309, 1759502867900929797, 
-0.026524603366851807, -0.0021365880966186523, 0.22154861915089488, 1759502867930937561, 
-0.10245048999786377, -0.1936768889427185, 0.20721516439444793, 1759502867962265890, 
-0.024172842502593994, -0.077059805393219, 0.18463989375617348, 1759502867992844069, 
0.0766262412071228, 0.11754608154296875, 0.17613410137667646, 1759502868024013731, 
0.16968822479248047, -0.02038043737411499, 0.2034477305055409, 1759502868052243486, 
-0.3618602752685547, -0.03895080089569092, 0.19238798337793783, 1759502868082192334, 
0.1374099850654602, 0.047411203384399414, 0.19902957798008394, 1759502868112209161, 
0.037341535091400146, 0.10504961013793945, 0.20637759897236072, 1759502868142317009, 
0.099945068359375, 0.0012937188148498535, 0.20180446086999293, 1759502868172474951, 
-0.15692973136901855, -0.06128305196762085, 0.2107464752877796, 1759502868202417899, 
0.38217902183532715, -0.18879300355911255, 0.20641241023031187, 1759502868232845426, 
-0.23399794101715088, 0.023688197135925293, 0.17752092108763046, 1759502868265517109, 
0.2602153420448303, 0.15040910243988037, 0.22118898043640878, 1759502868292525405, 
-0.030470967292785645, -0.00251924991607666, 0.20124293716670263, 1759502868322496371, 
-0.1684093475341797, -0.20881015062332153, 0.18437934873296136, 1759502868352563384, 
-0.21807384490966797, 0.009367704391479492, 0.18275338879795347, 1759502868382574156, 
0.32762205600738525, 0.2069690227508545, 0.20962024381574704, 1759502868412680365, 
-0.09645795822143555, 0.18449509143829346, 0.21198165196965985, 1759502868442706194, 
-0.11941897869110107, -0.2659915089607239, 0.21427640071579396, 1759502868473225708, 
-0.09101277589797974, -0.1342495083808899, 0.19038521505005884, 1759502868504836884, 
0.5379436612129211, 0.08078837394714355, 0.21262290357504143, 1759502868531961277, 
-0.04827606678009033, 0.05644315481185913, 0.20513301962025532, 1759502868562864925, 
-0.13938665390014648, -0.07639729976654053, 0.20277089569445744, 1759502868592844701, 
-0.023644983768463135, -0.07954525947570801, 0.18440365588730975, 1759502868621954765, 
-0.1811099648475647, 0.09865659475326538, 0.1698981713756731, 1759502868653251890, 
0.15522533655166626, 0.07081639766693115, 0.22233127918195816, 1759502868683405860, 
-0.20875710248947144, 0.17053192853927612, 0.22667395719877076, 1759502868713699664, 
0.3144379258155823, -0.20379692316055298, 0.2217394985999593, 1759502868744809827, 
-0.24302637577056885, -0.1539093255996704, 0.1983452649147289, 1759502868775550946, 
-0.16455930471420288, 0.06635940074920654, 0.21032099584963965, 1759502868813263615, 
0.22093766927719116, -0.005841732025146484, 0.2066127697198064, 1759502868843205151, 
0.13588303327560425, -0.06910580396652222, 0.19680637446728746, 1759502868873245360, 
-0.0682898759841919, -0.0801740288734436, 0.16382194487735272, 1759502868905576932, 
0.011104345321655273, 0.11508047580718994, 0.18619717355232057, 1759502868935958396, 
-0.08446168899536133, 0.13593441247940063, 0.2203863913570566, 1759502868973377305, 
0.08452820777893066, -0.19191044569015503, 0.2091316454786793, 1759502869003482116, 
-0.15407472848892212, -0.057757794857025146, 0.21236934009049718, 1759502869033527497, 
0.3479574918746948, 0.05828690528869629, 0.21096544461010125, 1759502869063958052, 
-0.0771934986114502, 0.06293022632598877, 0.19014225559758535, 1759502869096804475, 
0.10867321491241455, -0.05116552114486694, 0.22447986340367465, 1759502869123701820, 
0.11069744825363159, -0.14891839027404785, 0.19592334175403225, 1759502869153670021, 
-0.028492510318756104, 0.0044474005699157715, 0.19567135913740583, 1759502869183701736, 
-0.07764589786529541, 0.1634250283241272, 0.20165500553549046, 1759502869213748724, 
0.058017730712890625, 0.07919049263000488, 0.19395536237969188, 1759502869244544410, 
-0.10294544696807861, -0.1927894949913025, 0.19407098539570752, 1759502869274464691, 
-0.07178980112075806, -0.11463671922683716, 0.20428275896558545, 1759502869305148408, 
0.17550939321517944, 0.15517860651016235, 0.20358919083628452, 1759502869337072195, 
0.24647974967956543, 0.0037484169006347656, 0.21814842645984395, 1759502869373978668, 
-0.001630246639251709, -0.10983306169509888, 0.19615783724151795, 1759502869404064707, 
-0.012479960918426514, -0.1515701413154602, 0.19683102493393623, 1759502869434058404, 
-0.015297174453735352, 0.11100262403488159, 0.20793108612415587, 1759502869463993897, 
0.20289397239685059, 0.1806800365447998, 0.17087657551081095, 1759502869497374910, 
-0.11268579959869385, -0.20731675624847412, 0.22145200538981905, 1759502869534173409, 
-0.10622364282608032, -0.13725972175598145, 0.21550255190911574, 1759502869564360680, 
-0.03123331069946289, 0.10321903228759766, 0.2306805593049379, 1759502869594301851, 
0.05076241493225098, 0.18392455577850342, 0.2020234684487246, 1759502869624903999, 
0.047129690647125244, -0.12008899450302124, 0.19303387697635116, 1759502869657180628, 
-0.07723987102508545, -0.20880377292633057, 0.23509441961114938, 1759502869684726890, 
-0.14062446355819702, -0.03440701961517334, 0.20643694687342587, 1759502869714475444, 
0.3808906078338623, 0.17491161823272705, 0.17178283390897814, 1759502869737529491, 
0.016986727714538574, 0.2079499363899231, 0.20383428510886034, 1759502869764676786, 
-0.28386521339416504, -0.25039154291152954, 0.17590217345099493, 1759502869794588242, 
-0.11020368337631226, -0.045196712017059326, 0.17881830908903265, 1759502869824913323, 
-0.22391754388809204, 0.24396508932113647, 0.20931702866331584, 1759502869854620332, 
0.3123806118965149, 0.19280999898910522, 0.20553318599981657, 1759502869884702729, 
0.02510511875152588, -0.12699592113494873, 0.18659120565209414, 1759502869914725407, 
-0.08622550964355469, -0.13243401050567627, 0.19552815292112, 1759502869945609759, 
0.20820391178131104, -0.13912636041641235, 0.19496215790658303, 1759502869977439159, 
-0.18450206518173218, 0.2397371530532837, 0.19950565719502478, 1759502870005233462, 
0.36658531427383423, 0.11303919553756714, 0.181658634149879, 1759502870034849781, 
-0.08686280250549316, -0.24634575843811035, 0.18550658881250784, 1759502870065406652, 
-0.23154008388519287, -0.11669677495956421, 0.17656334281467673, 1759502870095035663, 
-0.15751320123672485, 0.27843254804611206, 0.18634181195903318, 1759502870125111427, 
-0.057079017162323, 0.09353357553482056, 0.2005466893797117, 1759502870155182091, 
0.10456693172454834, -0.1259494423866272, 0.197261267524068, 1759502870185702829, 
0.10982406139373779, -0.14164888858795166, 0.20152275175085588, 1759502870217339118, 
0.2193712592124939, 0.030812084674835205, 0.2024100666697175, 1759502870247725719, 
0.13676387071609497, 0.10332846641540527, 0.20504396946360745, 1759502870275546144, 
0.020843923091888428, 0.024805128574371338, 0.19370714046663676, 1759502870304295077, 
0.008587539196014404, -0.2261475920677185, 0.16861676141590357, 1759502870334302453, 
-0.09880536794662476, -0.022001564502716064, 0.16555528215898058, 1759502870365363306, 
-0.21012592315673828, 0.33735108375549316, 0.18439032861981347, 1759502870395452669, 
-0.10821491479873657, 0.08221828937530518, 0.2049105182053549, 1759502870425470425, 
-0.10311150550842285, -0.24934989213943481, 0.21254746833306754, 1759502870457107420, 
0.11751031875610352, -0.17635762691497803, 0.23032466830148043, 1759502870488566810, 
0.09581321477890015, 0.16983705759048462, 0.2530830799272586, 1759502870515683500, 
0.22793090343475342, 0.06240582466125488, 0.2078594050448035, 1759502870545667047, 
0.0758751630783081, -0.11960721015930176, 0.17156666968183099, 1759502870569049389, 
-0.051315367221832275, -0.24299782514572144, 0.20505108497625396, 1759502870605828004, 
-0.14938271045684814, 0.08259415626525879, 0.1697666972919476, 1759502870635839565, 
0.13982915878295898, 0.2302156686782837, 0.18284937398576764, 1759502870665096913, 
-0.21389764547348022, 0.022447168827056885, 0.1920730234930912, 1759502870697563506, 
0.16214781999588013, -0.08380013704299927, 0.21566257410400233, 1759502870729380482, 
-0.1363356113433838, -0.01490318775177002, 0.24888608675008828, 1759502870755967282, 
0.27983444929122925, -0.015517055988311768, 0.2093694014803181, 1759502870784935309, 
0.06385982036590576, 0.05557495355606079, 0.19153808549737233, 1759502870816004828, 
-0.10413306951522827, -0.13856065273284912, 0.21056563612493026, 1759502870846003130, 
-0.006627321243286133, -0.1812756061553955, 0.1945165777624807, 1759502870876072894, 
0.08611887693405151, 0.14417493343353271, 0.18009856201372926, 1759502870906096918, 
0.10880565643310547, 0.14479917287826538, 0.18141746928951585, 1759502870937175073, 
0.3379422426223755, -0.03374260663986206, 0.1987079881469182, 1759502870969067987, 
-0.4342758059501648, -0.08656048774719238, 0.22556510865955695, 1759502870996348762, 
0.14916908740997314, -0.15467065572738647, 0.19577992669160002, 1759502871026403311, 
-0.020717859268188477, 0.11738497018814087, 0.2142376529805527, 1759502871055403307, 
0.15396517515182495, 0.04100137948989868, 0.20783096815113244, 1759502871085357563, 
-0.10945087671279907, -0.09095054864883423, 0.1978993677075314, 1759502871116802989, 
0.07795590162277222, -0.2209755778312683, 0.19034552849982042, 1759502871146464727, 
0.023533105850219727, 0.05962479114532471, 0.17471594078715327, 1759502871177462711, 
0.12835532426834106, 0.1805240511894226, 0.16596404824462543, 1759502871209729897, 
-0.0031563639640808105, -0.06723803281784058, 0.1971918482973607, 1759502871236722453, 
-0.15250355005264282, -0.16781342029571533, 0.1812300592606057, 1759502871266720424, 
-0.05601954460144043, 0.023216545581817627, 0.19602795900263967, 1759502871296727669, 
-0.08094769716262817, 0.24536651372909546, 0.21937593057827992, 1759502871326741174, 
0.15751057863235474, 0.021702110767364502, 0.23027183879026591, 1759502871356762057, 
-0.17223435640335083, -0.16939371824264526, 0.21375252613897291, 1759502871386855751, 
0.06239062547683716, -0.13449710607528687, 0.19101200742692276, 1759502871417200358, 
0.08184319734573364, 0.07444357872009277, 0.19297820722559977, 1759502871449094319, 
0.09019535779953003, 0.1092877984046936, 0.21934991652232916, 1759502871476984233, 
-0.04683202505111694, -0.09435606002807617, 0.19311758307732443, 1759502871505928263, 
-0.15296459197998047, -0.11778372526168823, 0.17452215454400904, 1759502871537041025, 
0.011205434799194336, -0.020020723342895508, 0.18066285140787539, 1759502871559552354, 
-0.2145991325378418, 0.15593183040618896, 0.24390309179578815, 1759502871587684841, 
0.09109407663345337, 0.0207369327545166, 0.2300919599325361, 1759502871617314708, 
0.1465356945991516, -0.23889309167861938, 0.21273435577977495, 1759502871647152612, 
-0.0528680682182312, -0.08153259754180908, 0.1975502723705134, 1759502871677363159, 
-0.010362565517425537, 0.11106979846954346, 0.19555771133291258, 1759502871707298058, 
0.2653290033340454, 0.11927932500839233, 0.1922039166718174, 1759502871737397829, 
-0.024529099464416504, -0.1760372519493103, 0.17171070425320203, 1759502871769083673, 
-0.0068724751472473145, -0.23762446641921997, 0.16243997070548577, 1759502871800167011, 
-0.10667473077774048, 0.1658104658126831, 0.20739833876948172, 1759502871827412081, 
-0.004617094993591309, 0.2412901520729065, 0.21024324281445417, 1759502871857580241, 
-0.03747701644897461, -0.04886794090270996, 0.2208739095995926, 1759502871887509955, 
0.10012459754943848, -0.21319490671157837, 0.2170819117481279, 1759502871917594052, 
-0.036063432693481445, 0.0009414553642272949, 0.21862185994043878, 1759502871947568541, 
0.11654067039489746, 0.10103374719619751, 0.20451295337660336, 1759502871977903726, 
0.06816732883453369, -0.012806594371795654, 0.18227218922218036, 1759502872009403562, 
-0.014947593212127686, -0.15336483716964722, 0.17498552827022099, 1759502872041104370, 
0.04296380281448364, -0.05080974102020264, 0.2046526823070851, 1759502872067794658, 
-0.22883760929107666, 0.06734800338745117, 0.18732714784985752, 1759502872097776689, 
-0.13481777906417847, 0.11600565910339355, 0.18523383965477436, 1759502872127885958, 
0.2058122754096985, 0.018030405044555664, 0.21930178866454778, 1759502872156921450, 
-0.05519294738769531, -0.11828160285949707, 0.22998643886184278, 1759502872187914593, 
-0.16509974002838135, -0.025274813175201416, 0.216725477395894, 1759502872218192731, 
0.15036135911941528, 0.08436757326126099, 0.19970062353823065, 1759502872249506522, 
-0.030722498893737793, 0.1207696795463562, 0.18196284551030062, 1759502872281051231, 
0.20304220914840698, -0.23774629831314087, 0.21448020008174587, 1759502872308125621, 
-0.12964504957199097, -0.09431713819503784, 0.20550196354302597, 1759502872338226352, 
0.028595685958862305, 0.07522737979888916, 0.21674773147587426, 1759502872368168959, 
-0.06110739707946777, 0.1533137559890747, 0.2105962423532933, 1759502872398338319, 
0.16043972969055176, -0.14393550157546997, 0.2023241657651739, 1759502872428364858, 
-0.26223504543304443, -0.16037333011627197, 0.213387643584325, 1759502872458384144, 
0.016943812370300293, 0.1756790280342102, 0.2161941155011218, 1759502872489535688, 
0.13720393180847168, 0.19582372903823853, 0.19964790879629493, 1759502872521349282, 
0.12020605802536011, -0.32008999586105347, 0.21240521856576847, 1759502872557511215, 
-0.1847972273826599, -0.15942347049713135, 0.19505838631255365, 1759502872588458445, 
0.007419705390930176, 0.14584863185882568, 0.21017829444854672, 1759502872618509488, 
0.20091450214385986, 0.22575640678405762, 0.2065941451087523, 1759502872649136998, 
-0.014956533908843994, -0.09713011980056763, 0.1694571885610832, 1759502872681466546, 
-0.08668184280395508, -0.2432062029838562, 0.20365251678702312, 1759502872708654676, 
-0.08472198247909546, 0.05146282911300659, 0.20283285721483646, 1759502872738640097, 
-0.6034191250801086, 0.13310635089874268, 0.20610068401907533, 1759502872768669651, 
-0.970177412033081, -0.06825196743011475, 0.08207263678827546, 1759502872798901726, 
-0.5166864395141602, -0.43307018280029297, 0.028294029758556587, 1759502872828770252, 
0.3265916109085083, 0.026268303394317627, 0.05656736128932446, 1759502872858829514, 
0.10429215431213379, 0.2566335201263428, 0.012791988371744733, 1759502872889395164, 
0.2943522334098816, -0.18294185400009155, -0.01078429131977854, 1759502872921248759, 
-0.17486339807510376, -0.20171797275543213, -0.017974515278989366, 1759502872949024494, 
0.9251901507377625, 0.44070571660995483, 0.017196178415227033, 1759502872979855607, 
0.5545867681503296, 0.03982245922088623, 0.16980438154410005, 1759502873009651928, 
1.1058142185211182, -0.005393385887145996, 0.2510822567731759, 1759502873039700181, 
-0.10573071241378784, 0.08304959535598755, 0.25935339259284906, 1759502873069674274, 
-0.2627944350242615, -0.03550267219543457, 0.2565901031391706, 1759502873099723908, 
-0.23752331733703613, 0.07555341720581055, 0.24821864405392818, 1759502873130195595, 
-0.17410808801651, -0.09673154354095459, 0.19785716748222396, 1759502873161199749, 
-0.18101370334625244, -0.3302028775215149, 0.16425778666287913, 1759502873191836717, 
-0.16976219415664673, 0.34316158294677734, 0.1703364534542589, 1759502873229801975, 
0.5788276791572571, 0.05758774280548096, 0.15689944865798272, 1759502873259793929, 
-0.1072225570678711, -0.1617545485496521, 0.17736614868829162, 1759502873288954691, 
0.3806597590446472, -0.18097138404846191, 0.1851875650015912, 1759502873321629808, 
-0.24570953845977783, 0.09862625598907471, 0.21349594085995077, 1759502873352469619, 
0.07460528612136841, 0.0685194730758667, 0.22463198131650502, 1759502873380134668, 
-0.18475419282913208, -0.18023979663848877, 0.20750041737634808, 1759502873409971699, 
-0.017448365688323975, -0.14701497554779053, 0.18577834180313915, 1759502873432253224, 
-0.16232991218566895, 0.13112878799438477, 0.1935253976639394, 1759502873469896618, 
0.0053389668464660645, 0.08314007520675659, 0.18635661137529042, 1759502873500017620, 
0.09429341554641724, -0.020056545734405518, 0.2085093370775999, 1759502873528961921, 
0.28367865085601807, -0.28665876388549805, 0.2009387978217909, 1759502873561341518, 
-0.15731817483901978, 0.03432577848434448, 0.19237284491608037, 1759502873593210286, 
-0.08970952033996582, 0.11484628915786743, 0.2238811515911416, 1759502873620311542, 
0.0746990442276001, 0.0576556921005249, 0.2155931225878607, 1759502873650066053, 
-0.14823579788208008, -0.13999652862548828, 0.21993889041405215, 1759502873680126307, 
0.11425894498825073, -0.09683793783187866, 0.19805379989313524, 1759502873710120789, 
0.01061999797821045, 0.02930748462677002, 0.1910553402117601, 1759502873740081135, 
0.12388557195663452, 0.03586018085479736, 0.20326116268357514, 1759502873770293209, 
-0.22274088859558105, 0.0028214454650878906, 0.2086785457375721, 1759502873801357378, 
-0.012233078479766846, -0.16386598348617554, 0.1893028351177383, 1759502873833880621, 
0.020816564559936523, 0.047783076763153076, 0.2179939940469043, 1759502873870220855, 
0.2995297908782959, 0.1144363284111023, 0.22197166867240498, 1759502873900299453, 
-0.1700175404548645, 0.051476240158081055, 0.2132836966461949, 1759502873930314593, 
0.009517908096313477, -0.24229377508163452, 0.1980302880240191, 1759502873961614941, 
0.06572836637496948, -0.02765136957168579, 0.17215578823736635, 1759502873993593365, 
-0.06743490695953369, 0.19950097799301147, 0.20888247948930486, 1759502874020516066, 
0.14954107999801636, 0.10670685768127441, 0.19539722980869204, 1759502874050539119, 
-0.4040527939796448, -0.14457708597183228, 0.17311982549023047, 1759502874073121019, 
0.07297950983047485, -0.1547521948814392, 0.2041376332573582, 1759502874100676495, 
0.045892179012298584, 0.1419418454170227, 0.1999493634985668, 1759502874130624431, 
0.24039864540100098, 0.1568601131439209, 0.2124739657126367, 1759502874160667974, 
-0.1363462209701538, -0.10701417922973633, 0.21194851856020858, 1759502874190719393, 
-0.16379106044769287, -0.15938234329223633, 0.1978836383069731, 1759502874220906917, 
-0.006399810314178467, 0.0413089394569397, 0.19381207438818232, 1759502874250842344, 
0.12212532758712769, 0.18446952104568481, 0.1836910605147714, 1759502874281602409, 
0.0647658109664917, -0.002463042736053467, 0.17191619751391565, 1759502874313464912, 
-0.330014169216156, -0.1637042760848999, 0.19633421396376818, 1759502874341031950, 
-0.8634419441223145, -0.07620543241500854, 0.1709999923657581, 1759502874369938581, 
-1.490716576576233, -0.4595702886581421, 0.12262804302012559, 1759502874393208749, 
-0.5303115248680115, -0.07480710744857788, 0.024236901973362767, 1759502874431017949, 
0.49962878227233887, -0.05628323554992676, 0.031718595633595845, 1759502874461116461, 
0.00788027048110962, 0.12857407331466675, -0.0053883558279771504, 1759502874491117026, 
0.19337129592895508, -0.16497808694839478, -0.017177953319900664, 1759502874521097011, 
-0.15481036901474, -0.09280359745025635, -0.011575827860157826, 1759502874553108764, 
1.1292896270751953, 0.4912598133087158, 0.03089933290500699, 1759502874583454122, 
1.2817614078521729, -0.09018713235855103, 0.21910877033830042, 1759502874611353521, 
0.12030869722366333, 0.10715430974960327, 0.23582984622504602, 1759502874641513960, 
0.13591086864471436, -0.19880563020706177, 0.2658417259167955, 1759502874671349661, 
-0.5206127166748047, -0.25218868255615234, 0.22388318499943613, 1759502874701608859, 
0.15230226516723633, 0.09268462657928467, 0.2126575002115671, 1759502874731461037, 
-0.5126502513885498, 0.21404188871383667, 0.21193038851561735, 1759502874761653567, 
0.16693109273910522, -0.34196263551712036, 0.17096657558126166, 1759502874793782576, 
-0.3266974687576294, -0.2057362198829651, 0.1374826924751984, 1759502874824019436, 
0.09967553615570068, 0.23843079805374146, 0.17719219314449633, 1759502874851887249, 
-0.034741342067718506, 0.2856943607330322, 0.24455427058450882, 1759502874881705375, 
0.4052504897117615, -0.11305791139602661, 0.2514602933481203, 1759502874911897191, 
-0.2865467667579651, -0.2272423505783081, 0.21077467211092482, 1759502874941782472, 
0.6094196438789368, -0.2114114761352539, 0.21108645508511695, 1759502874971807567, 
-0.2939963936805725, 0.18533748388290405, 0.2195146497446712, 1759502875001850060, 
0.01496797800064087, 0.08625197410583496, 0.2008732478599676, 1759502875033432985, 
0.032433390617370605, -0.17880487442016602, 0.16357373359413144, 1759502875065319707, 
-0.02740544080734253, -0.21498358249664307, 0.20360934248691728, 1759502875092124205, 
-0.06376385688781738, 0.07645165920257568, 0.2037470340254234, 1759502875121993990, 
0.045205891132354736, 0.28609663248062134, 0.20017071246181314, 1759502875152258972, 
0.17734551429748535, -0.34613317251205444, 0.2073560159729761, 1759502875182315302, 
-0.15304052829742432, -0.17546051740646362, 0.2093933519223309, 1759502875212122300, 
-0.04397541284561157, 0.014059126377105713, 0.21716366810004567, 1759502875242270906, 
0.15294396877288818, 0.1385318636894226, 0.20419925676440986, 1759502875273269849, 
-0.03232097625732422, -0.007840216159820557, 0.1679097481545174, 1759502875305763008, 
0.00594860315322876, -0.2769467234611511, 0.2046940185130172, 1759502875332635698, 
-0.05783599615097046, -0.13494569063186646, 0.201300130169965, 1759502875362468874, 
-0.07815945148468018, 0.36211901903152466, 0.20060256460307407, 1759502875392398664, 
0.06958180665969849, 0.21414798498153687, 0.18050440179295005, 1759502875422391852, 
-0.07654702663421631, -0.2976105213165283, 0.18583398342046717, 1759502875452423239, 
-0.2075589895248413, -0.0827828049659729, 0.2043154203988745, 1759502875482445060, 
-0.025502502918243408, 0.2467259168624878, 0.22952881330218794, 1759502875513234158, 
0.30479609966278076, 0.24845796823501587, 0.20818972384338766, 1759502875544503573, 
-0.07494550943374634, -0.2082553505897522, 0.19723728211004465, 1759502875573157759, 
-0.004461228847503662, -0.314319908618927, 0.17792445142105745, 1759502875602650890, 
0.08192384243011475, -0.014587342739105225, 0.19747695225614392, 1759502875632819614, 
-0.02594667673110962, 0.2534661293029785, 0.2081636924761698, 1759502875662753518, 
0.022084057331085205, 0.11012166738510132, 0.17434893452243405, 1759502875692794856, 
-0.21969729661941528, -0.2015467882156372, 0.17480467357547383, 1759502875722841071, 
-0.02673053741455078, -0.02494204044342041, 0.2168426818859881, 1759502875753664555, 
-0.19109797477722168, 0.2228374481201172, 0.2336070854894834, 1759502875785474932, 
0.22422188520431519, 0.08350306749343872, 0.23896007935548289, 1759502875812986728, 
0.07040071487426758, -0.13469016551971436, 0.19908113066202168, 1759502875843007213, 
0.2556799650192261, -0.3003089427947998, 0.20797704028229555, 1759502875872998450, 
-0.17707902193069458, -0.029164433479309082, 0.2053059583638001, 1759502875903153734, 
0.27210670709609985, 0.2214323878288269, 0.18937469876818575, 1759502875933136386, 
0.07806456089019775, 0.18127691745758057, 0.16546413613452907, 1759502875963221099, 
-0.28089845180511475, -0.33524781465530396, 0.16976899947131716, 1759502875993499344, 
-0.05722308158874512, -0.02934551239013672, 0.20010825711366256, 1759502876025261076, 
-0.23625409603118896, 0.42499351501464844, 0.24528531693462877, 1759502876053695631, 
0.01113438606262207, 0.1069796085357666, 0.197187705995138, 1759502876083601928, 
0.05839031934738159, -0.30916523933410645, 0.19960452095488182, 1759502876113409466, 
-0.026712656021118164, -0.08575892448425293, 0.1946605595299966, 1759502876143439002, 
0.48171496391296387, 0.2394081950187683, 0.20327154969621944, 1759502876173463867, 
0.021865427494049072, 0.1318778395652771, 0.20101310509488796, 1759502876203523904, 
-0.1130746603012085, -0.30760443210601807, 0.17128308885014026, 1759502876233654593, 
-0.03553038835525513, -0.15473675727844238, 0.14137735557926173, 1759502876265761706, 
-0.2048882246017456, 0.2196948528289795, 0.15447652268572112, 1759502876296182269, 
-0.08437013626098633, 0.21357369422912598, 0.19919777448608392, 1759502876323685128, 
-0.0865907073020935, -0.009625256061553955, 0.2191928440025578, 1759502876353764018, 
0.24457132816314697, -0.21583926677703857, 0.24077313268671693, 1759502876383767714, 
-0.0673375129699707, -0.07766419649124146, 0.21610289673357846, 1759502876413867529, 
0.06758666038513184, 0.04158663749694824, 0.19306988154737692, 1759502876443862164, 
0.13776826858520508, 0.09519338607788086, 0.1969922917628037, 1759502876474115090, 
0.1234050989151001, -0.05782836675643921, 0.17875728460748522, 1759502876505423006, 
-0.009064674377441406, -0.250713050365448, 0.15703276129319613, 1759502876537783788, 
-0.19532150030136108, 0.060207247734069824, 0.18120682779728242, 1759502876574278976, 
-0.13820064067840576, 0.1327420473098755, 0.2002338655139895, 1759502876604153993, 
-0.14301460981369019, 0.015102088451385498, 0.22125781072791176, 1759502876634101862, 
0.023597300052642822, -0.1780940294265747, 0.2285888735408862, 1759502876665752408, 
-0.10446876287460327, 0.08459413051605225, 0.22101019465891628, 1759502876697336320, 
0.2007603645324707, 0.1498512625694275, 0.24462650532452088, 1759502876724312660, 
0.16323554515838623, -0.012296199798583984, 0.21203148418682663, 1759502876754372725, 
0.04332989454269409, -0.21391147375106812, 0.19754945841054788, 1759502876784421889, 
-0.13186413049697876, -0.042086899280548096, 0.17265668461670128, 1759502876814005636, 
0.11074620485305786, 0.13971740007400513, 0.1605645309287614, 1759502876845205132, 
-0.030580997467041016, 0.09234684705734253, 0.20467116605578403, 1759502876874005494, 
-0.2739579677581787, -0.03812187910079956, 0.21197447735581096, 1759502876905333391, 
0.20006030797958374, -0.037176311016082764, 0.2025293650358472, 1759502876937415124, 
0.3776063919067383, 0.14616096019744873, 0.2309668676308146, 1759502876965366154, 
-0.0196305513381958, 0.13268977403640747, 0.22218128641253285, 1759502876995154140, 
0.017260730266571045, -0.1877334713935852, 0.20332506249284443, 1759502877025286748, 
0.046196579933166504, -0.1259402632713318, 0.17747578896839716, 1759502877055390355, 
0.19390654563903809, 0.1472296118736267, 0.16731708977566667, 1759502877085184852, 
-0.19309264421463013, 0.11993199586868286, 0.18322124327243527, 1759502877115296080, 
-0.03787696361541748, -0.0009807944297790527, 0.18402174153652842, 1759502877145899492, 
-0.1687854528427124, -0.08652108907699585, 0.1969608203228667, 1759502877177417296, 
-0.03785431385040283, -0.05022639036178589, 0.23108752597886023, 1759502877205148185, 
-0.04764986038208008, 0.12706172466278076, 0.23785513477162287, 1759502877235223544, 
0.2034870982170105, 0.1483684778213501, 0.23476690575049683, 1759502877265489114, 
0.0826117992401123, -0.11635488271713257, 0.20998749158646063, 1759502877295331886, 
0.024233341217041016, -0.264309823513031, 0.1793371802192698, 1759502877325376807, 
-0.11283659934997559, 0.08197677135467529, 0.1880332628198264, 1759502877355332231, 
0.6652846336364746, 0.25031375885009766, 0.20218645767696958, 1759502877385370598, 
-0.13853251934051514, -0.014768719673156738, 0.1672629725046409, 1759502877417503618, 
-0.21844440698623657, -0.30423861742019653, 0.17259419634133966, 1759502877445540802, 
-0.06431764364242554, 0.12047040462493896, 0.2000944863670575, 1759502877475399126, 
-0.19170856475830078, 0.3038736581802368, 0.23230629176408507, 1759502877505330644, 
0.12104839086532593, 0.029136180877685547, 0.21887655470359144, 1759502877535387864, 
0.09809023141860962, -0.24237465858459473, 0.2014751191863761, 1759502877565690568, 
0.18540382385253906, -0.12362581491470337, 0.2017863487453116, 1759502877595459555, 
-0.12713748216629028, -0.01056903600692749, 0.2070151260728736, 1759502877625554876, 
0.12078726291656494, 0.07253628969192505, 0.18726829919717983, 1759502877657016685, 
-0.08353990316390991, -0.2874755263328552, 0.17372105356112547, 1759502877687742740, 
0.07413887977600098, -0.06484287977218628, 0.21704830867403874, 1759502877723926601, 
0.012577176094055176, 0.19906646013259888, 0.19842670365506743, 1759502877755674973, 
0.18882101774215698, 0.09724235534667969, 0.19694686039029916, 1759502877785980539, 
-0.2505146265029907, 0.006612300872802734, 0.18022928837998026, 1759502877817743681, 
0.015437722206115723, -0.1444581151008606, 0.1927786631464848, 1759502877848864931, 
0.07400786876678467, 0.008632361888885498, 0.2363069328233988, 1759502877876026827, 
0.004113137722015381, 0.15335869789123535, 0.2253150246334705, 1759502877904937705, 
0.2934318780899048, 0.1272154450416565, 0.16731230554172324, 1759502877928338194, 
0.07567435503005981, -0.1278705596923828, 0.19687233419948977, 1759502877956044064, 
-0.0976494550704956, -0.19083011150360107, 0.19192639547412915, 1759502877985993477, 
-0.0397527813911438, 0.004620611667633057, 0.20195940599705067, 1759502878016432989, 
-0.028279542922973633, 0.26199501752853394, 0.2023510201699823, 1759502878046258749, 
0.01731187105178833, 0.008733689785003662, 0.19393148673598895, 1759502878076144778, 
0.008099198341369629, -0.30746597051620483, 0.2027707060133764, 1759502878106128408, 
-0.01233363151550293, 0.0030308961868286133, 0.19477709329125714, 1759502878137540248, 
0.099639892578125, 0.20281583070755005, 0.19066150140664864, 1759502878169854000, 
0.12625670433044434, 0.056987106800079346, 0.21673876793327643, 1759502878196425619, 
-0.1452663540840149, -0.25563180446624756, 0.18700242377359536, 1759502878226292204, 
0.19767159223556519, -0.06537878513336182, 0.19428951872254524, 1759502878256570003, 
0.01862865686416626, 0.1802935004234314, 0.20633804015672338, 1759502878286527212, 
-0.10778599977493286, 0.1390039324760437, 0.18871040157488697, 1759502878316561815, 
-0.0709155797958374, -0.10416710376739502, 0.18697311317788923, 1759502878346548478, 
0.12478286027908325, -0.09735321998596191, 0.1949369450975875, 1759502878377691812, 
-0.10801607370376587, -0.005395233631134033, 0.20154540994472614, 1759502878409642204, 
0.10111439228057861, 0.11907172203063965, 0.22052011121851953, 1759502878436825415, 
0.03064805269241333, 0.05053234100341797, 0.1843549580308292, 1759502878466683766, 
